MaleNord,FemaleNord,FamilyNord,MaleOrc,FemaleOrc,FamilyOrc,MaleRedguard,FemaleRedguard,FamilyRedguard,FemaleHuman
Alald,Ana,Alaldsen,Gortwog,Agrob,Nagorm,Camaron,Blubamka,K'Elmar,Olivia
Alan,Ane,Alansen,Atulg,Badbog,Bagdub,Greklith,Akorithi,Hawker,Emma
Alar,Anen,Alarsen,Azuk,Bashuk,Bulfim,K'avar,Aubk-i,Mirel,Ava
Alarik,Ania,Alariksen,Bagamul,Bogdub,Ulfish,Lhotun,Charvek-si,Ruuz,Sophia
Alarke,Anina,Alarkesen,Bakh,Bugdurash,Agadbu,Provlith,Dh'emka,Stacey,Isabella
Alarne,Anne,Alarnesen,Baronk,Bula,Aglakh,Thaik,Whitka,Aldwyr,Charlotte
Aleld,Ante,Aleldsen,Bashag,Bulak,Agum,Vhosek,Iszara,Blackheart,Amelia
Alen,Beta,Alensen,Bazgulub,Bulfim,Atumph,A'tor,Krisandra,Blakeley,Mia
Alens,Bete,Alenssen,Bogakh,Bum,Azorku,Avik,Mariah,Christophe,Harper
Aler,Beten,Alersen,Bologra,Burub,Badbu,Basil,Saban,Litte,Evelyn
Alik,Betia,Aliksen,Borug,Burzob,Bagrat,Brennan,Siona,Rackham,Abigail
Alis,Betina,Alissen,Both,Dura,Bagul,Coyle,Yaeli,Al-Skaven,Emily
Alorn,Betne,Alornsen,Bugdul,Durgat,Bamog,Cyrus,Alusannah,Lylvieve,Ella
Asgald,Bette,Asgaldsen,Bugharz,Durz,Bar,Dagoo,Ancola,Sendu,Elizabeth
Asgan,Dora,Asgansen,Bugrash,Gashnakh,Bargamph,Duadeen,Anora,al-Bergama,Camila
Asgar,Dore,Asgarsen,Bugrol,Ghob,Bashnag,Favis,Balan,al-Satakalaam,Luna
Asgarik,Doren,Asgariksen,Bumbub,Glasha,Bat,Hakan,Caminda,al-Sentinel,Sofia
Asgarke,Doria,Asgarkesen,Burul,Glob,Batul,Hayle,Chalone,al-Kozanset,Avery
Asgarne,Dorina,Asgarnesen,Dul,Gluronk,Boga,Jaganvir,Dandsa,at-Tarin,Mila
Asgeld,Dorne,Asgeldsen,Dular,Gonk,Bogamakh,Kotaro,Davina,af-Perah,Aria
Asgen,Dorte,Asgensen,Duluk,Grat,Bogharz,Lakene,Domba,al-Ragath,Scarlett
Asgens,Ella,Asgenssen,Duma,Grazob,Bogla,Maiko,Dulian,al-Rihad,Penelope
Asger,Elle,Asgersen,Dumbuk,Gulfim,Boglar,Prnell,Elone,at-Owynok,Layla
Asgik,Ellen,Asgiksen,Dumburz,Kharzug,Bogrol,Trithik,Ena,at-Tura,Chloe
Asgis,Ellia,Asgissen,Dur,Lagakh,Boguk,Vander,Enjine,af-Jahannif,Victoria
Asgorn,Ellina,Asgornsen,Durbul,Lambug,Bol,Voa,Erla,af-Jamadin,Madison
Bjald,Ellne,Bjaldsen,Durgash,Lazgar,Bolak,Achel,Ery,af-Nimr,Eleanor
Bjan,Ellte,Bjansen,Durz,Mogak,Borbog,Alusaron,Gwen,af-Ozalan,Grace
Bjar,Hana,Bjarsen,Durzol,Morn,Borbul,Bodean,Hussonia,at-Amil,Nora
Bjarik,Hane,Bjariksen,Durzub,Murob,Bug,Camas,Jaline,at-Areshu,Riley
Bjarke,Hanen,Bjarkesen,Durzum,Murzush,Bugarn,Chark,Jamie,at-Ariya,Zoey
Bjarne,Hania,Bjarnesen,Garothmuk,Nargol,Bulag,Chrelm,Jeanne,at-Aswala,Hannah
Bjeld,Hanina,Bjeldsen,Garzonk,Orbul,Bularz,Cluson,Jolda,at-Elett,Hazel
Bjen,Hanne,Bjensen,Gashna,Ragash,Bulfish,Daracy,Kanet,at-Lehiel,Lily
Bjens,Hante,Bjenssen,Ghamborz,Rolfish,Burbug,Daron,Karlirah,at-Phintos,Ellie
Bjer,Hella,Bjersen,Ghamonk,Rulfim,Burish,Din,Kati,at-Ramdud,Violet
Bjik,Helle,Bjiksen,Ghoragdush,Shadbak,Burol,Dinok,Katie,at-Toura,Lillian
Bjis,Hellen,Bjissen,Ghorlorz,Shagar,Buzga,Domalen,Kirginia,Hunding,Zoe
Bjorn,Hellia,Bjornsen,Glush,Shagdub,Dugul,Dortodd,Laire,Sahan,Stella
Erald,Hellina,Eraldsen,Grat,Sharn,Dul,Dudley,Landa,af-Ahmus,Aurora
Eran,Hellne,Eransen,Gruzgob,Sharog,Dula,Ennah,Lette,af-Angilia,Natalie
Erar,Hellte,Erarsen,Guarg,Shelur,Dulob,Farmin,Malexa,af-Armin,Emilia
Erarik,Inga,Erariksen,Gurak,Sloomalah,Dumul,Frink,Manicky,af-Ashora,Everly
Erarke,Inge,Erarkesen,Khadba,Uloth,Dumulg,Gancolm,Margonet,af-Azik,Leah
Erarne,Ingen,Erarnesen,Khagra,Ulumpha,Durga,Garry,Miniel,af-Bazra,Aubrey
Ereld,Ingia,Ereldsen,Khargol,Urzoth,Durog,Glannison,Mirisa,af-Davood,Willow
Eren,Ingina,Erensen,Koffutto,Urzul,Durug,Gor,Monsey,af-Dometri,Addison
Erens,Ingne,Erenssen,Largakh,Ushug,Dush,Hasell,Nanine,af-Dushana,Lucy
Erer,Ingte,Erersen,Lorbumol,Yazgash,Gar,Hickim,Neminda,af-Ebdoh,Audrey
Erik,Jyta,Eriksen,Lorzub,Batul,Gashel,Hinald,Pemenie,af-Ganet,Bella
Eris,Jyte,Erissen,Lugdum,Borba,Gat,Ian,Relinda,af-Ghada,Nova
Erorn,Jyten,Erornsen,Lugrub,Bumph,Ghash,Ilden,Rithleen,af-Guyeline,Brooklyn
Fenrald,Jytia,Fenraldsen,Lurog,Homraz,Ghasharzol,Iminda,Senyndie,af-Haba,Paisley
Fenran,Jytina,Fenransen,Mash,Mazoga,Gholfim,Irgola*,Shardie,af-Hafza,Savannah
Fenrar,Jytne,Fenrarsen,Matuk,Mog,Gholob,Jart,Sinia,af-Hazifah,Claire
Fenrarik,Jytte,Fenrariksen,Mauhul,Mor,Ghorak,Jathlanie,Sulesa,af-Hisham,Skylar
Fenrarke,Kirsta,Fenrarkesen,Mazorn,Oghash,Gilgar,Jeleen,Tiela,af-Islah,Isla
Fenrarne,Kirste,Fenrarnesen,Mol,Orag,Glorzuf,Jelin,Todwendy,af-Izla,Genesis
Fenreld,Kirsten,Fenreldsen,Morbash,Rogbut,Gluk,Jim,Tanyin,af-Jahi,Naomi
Fenren,Kirstia,Fenrensen,Mug,Rogmesh,Glurkub,Jine,Angelie,af-Kardyn,Elena
Fenrens,Kirstina,Fenrenssen,Mugdul,Snak,Gorzog,Jon,Ashanta,af-Karra,Caroline
Fenrer,Kirstne,Fenrersen,Muk,Ugak,Grambak,Jonis,Branwen,af-Katayoun,Eliana
Fenrik,Kirstte,Fenriksen,Murag,Umar,Gulfim,Kalorter,Carmen,af-Kimiya,Anna
Fenris,Meta,Fenrissen,Murkub,Umog,Gurakh,Karrod,Chanel,af-Mahala,Maya
Fenrorn,Mete,Fenrornsen,Murzol,Arob,Gurub,Kaye,Clesa,af-Mubdi,Valentina
Harald,Meten,Haraldsen,Muzgonk,Atub,Kashug,Lanald,Dahlia,af-Naifa,Ruby
Haran,Metia,Haransen,Nag,Bagrak,Khagdum,Lesley,Dhola,af-Nazila,Kennedy
Harar,Metina,Hararsen,Nar,Batum,Kharbush,Lidebras,Eletta,af-Owlin,Ivy
Hararik,Metne,Harariksen,Nash,Bolar,Kharz,Nachael,Isolde,af-Qerik,Ariana
Hararke,Mette,Hararkesen,Ogrul,Bor,Khash,Nannithon,Jearl,af-Ramand,Aaliyah
Hararne,Morga,Hararnesen,Ogrumbu,Borgakh,Khashnar,Nistacey,Kiara,af-Rasha,Cora
Hareld,Morge,Hareldsen,Olfin,Dulug,Khatub,Penald,Lashana,af-Tasa,Madelyn
Haren,Morgen,Harensen,Olumba,Garakh,Khazor,Raccan,Maelona,af-Whyrdh,Alice
Harens,Morgia,Harenssen,Orakh,Ghak,Lag,Raig,Minerva,al-Akir,Kinsley
Harer,Morgina,Harersen,Rogdul,Gharol,Lagdub,Rinina,Mirisa,al-Antiphyllos,Hailey
Harik,Morgne,Hariksen,Shakh,Ghorza,Largum,Rissinia,Neesha,al-Azif,Gabriella
Haris,Morgte,Harissen,Shamar,Gul,Lazgarn,Sader,Oleta,al-Belkarth,Allison
Harorn,Silla,Harornsen,Shamob,Lash,Loghash,Sason,Rasheda,al-Glessa,Gianna
Ingmald,Sille,Ingmaldsen,Shargam,Lushak,Logob,Shenk,Rhiannon,al-Hallen,Serenity
Ingman,Sillen,Ingmansen,Sharkub,Mogdurz,Logrob,Silasson,Rienna,al-Hallin,Samantha
Ingmar,Sillia,Ingmarsen,Shat,Murbul,Lorga,Sorian,Rohssan,al-Hallin's,Sarah
Ingmarik,Sillina,Ingmariksen,Shazgob,Sharamph,Lumbuk,Soscean,Rona,al-Hallins,Autumn
Ingmarke,Sillne,Ingmarkesen,Shulong,Shel,Lumob,Stargel,Shafaye,Al-Hareem,Quinn
Ingmarne,Sillte,Ingmarnesen,Shura,Shuftharz,Lurkul,Stenet,Shelley,al-Hllins,Eva
Ingmeld,Ulla,Ingmeldsen,Shurkul,Ugor,Lurn,Sterdecan,Sherina,al-Iskour,Piper
Ingmen,Ulle,Ingmensen,Shuzug,Urog,Luzgan,Sticey,Tamika,Al-Masri,Sophie
Ingmens,Ullen,Ingmenssen,Snaglak,Urzoga,Magar,Therdon,Tavia,al-Miran,Sadie
Ingmer,Ullia,Ingmersen,Snakha,Yag,Magrish,Torline,Tenville,al-Morwha,Delilah
Ingmik,Ullina,Ingmiksen,Snat,Yatul,Mar,Tralan,Tierra,al-Myrkwasa,Josephine
Ingmis,Ullne,Ingmissen,Ugdumph,Magarakh,Marob,Trasteve,Trevaia,al-Natedan,Nevaeh
Ingmorn,Ullte,Ingmornsen,Ughash,Ghamarguk,Mashnar,Vilamon,Adara,al-Ojwambu,Adeline
Jurgald,Aeta,Jurgaldsen,Ulam,Glurala,Mogduk,Waylas,Ahlam,al-Saran,Arya
Jurgan,Aldi,Jurgansen,Umug,Gorsha,Moghakh,Wayn,Anwen,al-Tahud,Emery
Jurgar,Anja,Jurgarsen,Uram,Lobamob,Mughol,Alonzo,Atmah,al-Tava,Lydia
Jurgarik,Aumsi,Jurgariksen,Urim,Moramat,Muk,Amir,Braith,Alielle,Clara
Jurgarke,Barri,Jurgarkesen,Urul,Ronag,Mulakh,Armand,Eriana,at-Abbas,Vivian
Jurgarne,Brasteir,Jurgarnesen,Urzog,Sgugh,Murgol,Athon,Faleen,at-Ajwan,Madeline
Jurgeld,Eigma,Jurgeldsen,Ushamph,Stulga,Murug,Azani,Iman,at-Amjad,Peyton
Jurgen,Eiruki,Jurgensen,Ushat,Abimfash,Murz,Azzan,Jayri,at-Baqar,Julia
Jurgens,Ekkhi,Jurgenssen,Yadba,Adkul,Muzgob,Baurus,Jonna,at-Bergama,Rylee
Jurger,Eydis,Jurgersen,Yagak,Adlugbuk,Muzgub,Boldon,Kerah,at-Dolmir,Brielle
Jurgik,Fryfnhild,Jurgiksen,Yak,Agazu,Muzgur,Borissean,Lu'ah,at-Dorcolm,Reagan
Jurgis,Fryssa,Jurgissen,Yam,Agdesh,Ogar,Casimir,Niyya,at-Ebdoh,Natalia
Jurgorn,Greidil,Jurgornsen,Yambagorn,Aglash,Ogdub,Casnar,Ramati,at-Fada,Jade
Kjald,Haema,Kjaldsen,Yambul,Agli,Ogdum,Cirroc,Rayya,At-Fara,Athena
Kjan,Heddvild,Kjansen,Yargol,Agral,Olor,Curtis,Rochelle,at-Gamati,Maria
Kjar,Helga,Kjarsen,Yashnarz,Agrash,Olurba,Cyrus,Saadia,at-Ganet,Leilani
Kjarik,Hidar,Kjariksen,Yatur,Agrulla,Orbuma,Delmar,Saffir,at-Gar,Everleigh
Kjarke,Hjotra,Kjarkesen,Moghakh,Agzurz,Rimph,Demetrius,Saliah,at-Ginal,Liliana
Kjarne,Holmgeira,Kjarnesen,Makor,Akarah,Rugob,Dorian,Salma,at-Glina,Melanie
Kjeld,Hreirek,Kjeldsen,Olpac,Akash,Rush,Ernest,Sayma,at-Halma,Mackenzie
Kjen,Hroa,Kjensen,Agronak,Akgruhl,Rushub,Gogan,Seren,at-Hassef,Hadley
Kjens,Hrordis,Kjenssen,Bat,Akkra,Shadbuk,Haekwon,Sudi,at-Hawraz,Raelynn
Kjer,Hyring,Kjersen,Bazur,Aklash,Shagdub,Hillod,Tonilia,at-Hollus,Kaylee
Kjik,Igna,Kjiksen,Brugo,Akur,Shagdulg,Isleif,Umana,at-Housel,Rose
Kjis,Ilfhild,Kjissen,Bogrum,Alga,Shagrak,Jair,Yisra,at-Jafra,Arianna
Kjorn,Imsin,Kjornsen,Brag,Algrakh,Shagramph,Jalbert,Zaria,at-Jehat,Isabelle
Mojald,Ingokning,Mojaldsen,Brokil,Alzula,Shak,Juncan,Azara,at-Kalan,Melody
Mojan,Jolding,Mojansen,Bugak,Anbarah,Sham,Kellen,Balaith,at-Karim,Eliza
Mojar,Kar,Mojarsen,Buramog,Arakh,Shamub,Kelvyn,Dariah,at-Khorajah,Lyla
Mojarik,Kili,Mojariksen,Burz,Argurgol,Sharbag,Kewan,Ellashana,at-Makela,Katherine
Mojarke,Kjolver,Mojarkesen,Dubok,Arzakh,Sharga,Khafiz,Hadima,at-Mardeen,Aubree
Mojarne,Kolfinna,Mojarnesen,Dul,Arzorag,Sharob,Kinther,Helazh,at-Marimah,Adalynn
Mojeld,Lisaa,Mojeldsen,Dulfish,Ashaka,Sharolg,Kithlan,Ila,at-Morad,Kylie
Mojen,Merta,Mojensen,Dulphumph,Ashgara,Shat,Lathon,Kushi,at-Naruk,Faith
Mojens,Mette,Mojenssen,Dumag,Ashgel,Shatub,Limark,Mihra,at-Nazdar,Mary
Mojer,Ondi,Mojersen,Gaturn,Ashrashag,Shazog,Neville,Rasaba,at-Nazim,Margaret
Mojik,Rangela,Mojiksen,Ghola,Atarga,Shug,Orinthal,Saghar,at-Ordzan,Ximena
Mojis,Ringvild,Mojissen,Ghorub,Atoga,Shugarz,Orrin,Abadai,at-Pawan,Iris
Mojorn,Rostlogi,Mojornsen,Gogron,Atorag,Shugham,Owyn,Abadi,at-Pykel,Alexandra
Sorald,Runa,Soraldsen,Gorgo,Atugol,Shula,Phintias,Abannah,at-Renazh,Jasmine
Soran,Siri,Soransen,Graklak,Atzurbesh,Shulor,Pranal,Abante,at-Rusa,Charlie
Sorar,Sottilde,Sorarsen,Graman,Aza,Shumba,Pyke,Abia,at-Sadil,Amaya
Sorarik,Thalestris,Sorariksen,Grommok,Azabesh,Shuzgub,Relan,Abradih,at-Sal,Taylor
Sorarke,Thunmund,Sorarkesen,Gul,Azadhai,Skandar,Rellian,Abrar,at-Salan,Isabel
Sorarne,Ursine,Sorarnesen,Hanz,Azga,Snagarz,Rhano,Adah,at-Sentinel,Ashley
Soreld,Val,Soreldsen,Krognak,Azhnakha,Snagdu,Roderick,Adara,at-Shadal,Khloe
Soren,Vori,Sorensen,Kurdan,Azhnolga,Ufthamph,Ruslan,Adeena,at-Tamina,Ryleigh
Sorens,Ygfa,Sorenssen,Kurz,Azhnura,Uftharz,Shamar,Adelizza,at-Wardiya,Alexa
Sorer,Agata,Sorersen,Lum,Azilkh,Ugruma,Shameer,Adiah,at-Warhpal,Amara
Sorik,Agnete,Soriksen,Lumdum,Azlakha,Ular,Shelden,Adifa,at-Werzhan,Valeria
Soris,Alga,Sorissen,Luronk,Azulga,Ulfimph,Stanet,Adima,at-Wildur,Andrea
Sororn,Edla,Sorornsen,Magra,Baag,Urgak,Talan,Adinda,at-Yashar,Parker
Torbald,Else,Torbaldsen,Magub,Baagug,Ushar,Thedret,Aeedika,Berri,Norah
Torban,Emfrid,Torbansen,Maknok,Badush,Ushug,Trayvond,Afadi,Cedmain,Eden
Torbar,Eyja,Torbarsen,Mug,Bafthaka,Ushul,Varnado,Afareen,Conele,Elliana
Torbarik,Hjolfrodi,Torbariksen,Orok,Bagda,Uzgurn,Wallace,Afinah,Derre,Brianna
Torbarke,Jensine,Torbarkesen,Rugdumph,Bagrugbesh,Uzuk,Wilbur,Afineh,Elena,Emersyn
Torbarne,Kirsten,Torbarnesen,Shagol,Bagtul,Yagarz,Willet,Afsar,Epinard,Valerie
Torbeld,Maeva,Torbeldsen,Shagrol,Bagul,Yak,Winson,Afzoon,Florelle,Anastasia
Torben,Malene,Torbensen,Shobob,Bagula,Yargul,Ahtar,Ahknara,Ghiardelli,Eloise
Torbens,Maren,Torbenssen,Shum,Balga,Yarzol,Alesan,Ahla,Hallin,Emerson
Torber,Margarte,Torbersen,Ulmug,Barazal,Bled,Amren,Ahnu,Jerine,Cecilia
Torbik,Merete,Torbiksen,Urbul,Barza,Trailslag,Ataf,Ahriah,Lavergne,Remi
Torbis,Nille,Torbissen,Urul,Barzog,Baroth,Avidius,Ahya,Leki,Josie
Torborn,Olava,Torbornsen,Ushnar,Bashgara,Coblug,Azzada,Aideh,Lemaitre,Alina
Ulrald,Petrine,Ulraldsen,Uzul,Bashotha,Marad,Azzadal,Aira,Longtemps,Reese
Ulran,Rigmor,Ulransen,Mogrul,Batara,Mogakh,Baral,Airena,Morel,Bailey
Ulrar,Rona,Ulrarsen,Balagog,Batasha,Orum,Brenuin,Aishah,Nasir,Lucia
Ulrarik,Signy,Ulrariksen,Bashnag,Batorabesh,Shurgak,Endon,Aishie,Rajida,Adalyn
Ulrarke,Sigrid,Ulrarkesen,Borkul,Bazbava,Agamph,Ennis,Akhita,Reynaud,Molly
Ulrarne,Skjorta,Ulrarnesen,Burguk,Bazgabesh,Barak,Falion,Aleen,Sesnit,Ayla
Ulreld,Sonje,Ulreldsen,Durak,Bazgara,Bargol,Fihada,Alesah,Shinji,Sara
Ulren,Ulrika,Ulrensen,Dushnamub,Bhagruan,Bharg,Firir,Alida,Stictal,Daisy
Ulrens,Vigdis,Ulrenssen,Gadba,Bizra,Bol,Haldyn,Alinya,Taloet,London
Ulrer,Eydis,Ulrersen,Gat,Bluga,Bolmog,Isran,Althah,Tu'wha,Jordyn
Ulrik,Idgrod,Ulriksen,Ghamorz,Bolaag,Bonk,Jawanan,Althineh,Dunestrider,Esther
Ulris,Karita,Ulrissen,Ghorbash,Bolash,Brok,Kayd,Alzabeh,theDeathless,Genevieve
Ulrorn,Liesl,Ulrornsen,Ghunzul,Bolgar,Buglump,Kematu,Amjad,theGenerous,Harmony
Tobias,Abelone,theBold,Grogmar,Bolugbeka,Bumph,Majid,Angeira,theWarbler,Annabelle
Urik,Adisla,Farseer,Grushnag,Borbgur,Bura,Mani,Anireh,theRed,Alyssa
Haki,Aela,Halfhand,Gularzob,Borbuga,Burbog,Maramal,Annique,Al-Thir,Ariel
Abbard,Aeri,Highlander,Kharag,Borgburakh,Cromgog,Namasur,Aqabi,Huerc,Aliyah
Adding,Agna,Tallowhand,Larak,Borgdorga,Dragol,Nazeem,Arbella,at-Hamisham,Londyn
Aenar,Agni,theBloody,Lob,Borghak,Galash,Nazir,Areshu,Hunding,Juliana
Agning,Agnis,theBraggart,Lurbuk,Borgrara,Gamorn,Razelan,Ariana,Ababneh,Morgan
Alfbrand,Alea,theCandle,Mahk,Boroth,Gash,Shadr,Aribah,al-Saran,Summer
Alfhedil,Alfhild,theClerk,Makhel,Borzog,Gharz,Talib,Ariya,Lainlyn,Juliette
Allding,Alva,theCraven,Malkus,Brekgun,Ghoth,Basir,Arjen,Leki,Trinity
Alof,Alvide,theCrow,Mauhulakh,Bugbekh,Glurzog,Ehsan,Ashiyana,Melarg,Callie
Areas,Annekke,theDreamer,Modig,Bugbesh,Golpok,Ferzend,Ashuna,TheUnbowed,Sienna
Arkming,Angi,theEasterner,Moth,Bugha,Gonk,Harim,Asiah,TheUnveiled,Blakely
Arnskar,Anise,theFair,Mul,Bulag,Grulam,Haytham,Assaf,theLofty,Alaia
Audmund,Anska,theFlayer,Mulush,Bularkh,Hubrag,Izrunath,Atazha,oftheNineGoldenTowers,Kayla
Balfring,Argi,theGentle,Nagrub,Bulfor,Khar,Khnanya,Atefah,-Who-Moved-Dunes,Teagan
Barirrid,Ari,theHalt,Oglub,Bulra,Khash,Naveed,Ati,,Alaina
Baslod,Asta,theHarrier,Ogol,Bumava,Magul,Rahim,Atin,,Brynlee
Bato,Astrid,theLean,Olur,Bumbuk,Malog,Sihadid,Atusa,,Finley
Batou,Beitild,theLong,Ulag,Bumzuna,Morgrump,Tahmin,Aubatha,,Catalina
Bedraflod,Bergritte,theMumbling,Umurn,Dagarha,Murgak,Abadarun,Aureylah,,Sloane
Bedrir,Betrid,theOutlaw,Urag,Darezha,Muzgol,Abal,Ayma,,Rachel
Bjadmund,Birna,thePeacock,Yamarz,Drienne,Naybek,Abanal,Azazh,,Lilly
Bormir,Bjartur,theQuiet,Yar,Droka,Orkul,Abanilu,Azeeda,,Ember
Botrir,Bodil,theRascal,Dugrul,Druga,Orkulg,Abazadar,Azita,,Kimberly
Brandr,Bolfrida,theRaven,Gashzug,Dufbash,Rugdush,Abdahel,Azoufah,,Juniper
Briring,Boti,theRoarer,Kharg,Dulasha,Shadborgob,Abdussah,Badri,,Sydney
Brurid,Breya,theSeal,Luz,Dulfra,Shagk,Abelazar,Bahara,,Arabella
Bryngrim,Brina,theSmith,Molg,Dulfraga,Sharob,Abir,Bahrar,,Gemma
Cristus,Britte,theStone,Morg,Dulkhi,Shatur,Abnajah,Bahree,,Jocelyn
Daglin,Bryling,theStout,Mungro,Dulroi,Shug,Abradun,Baileet,,Freya
Dathman,Dagny,theStrange,Ograt,Dulzugha,Shura,Abri,Bailiyya,,June
Dryngheid,Danica,theStrong,Smagg,Dumoga,Ugdub,Abrunul,Baimora,,Lauren
Eifid,Dorthe,theSweltering,Ulang,Dumuguk,Urgash,Achdazan,Balqi,,Amy
Ennbjof,Drifa,theUnending,Abzag,Dumula,Uzgash,Achelir,Balina,,Presley
Ergnir,Edith,theUnworthy,Abzrolg,Dumurzog,Uzug,Adajan,Banefshah,,Georgia
Fanar,Eirid,theWhite,Abzug,Duragma,Yarug,Adal,Bani,,Journee
Fjol,Eisa,theWild,Agganor,Durash,Bagol,Adar,Basila,,Elise
Fjorgeir,Elda,Whitebeard,Aghurz,Durga,Largash,Adayyul,Beerta,,Rosalie
Fjori,Elisif,Half-Troll,Agnar,Durgura,Shugurz,Adenar,Benizir,,Ada
Fjorrod,Erdi,Hard-Heart,Agrakh,Durhaz,Bar,Adit,Berea,,Laila
Fjrokvar,Eris,Ice-Mane,Agrobal,Durogbesh,Burzag,Admunayil,Berfendeh,,Brooke
Forstaag,Evette,Axe-Wife,Agstarg,Dushug,Dushnikh,Adrazan,Beriana,,Diana
Fraki,Faida,Blue-Tooth,Aguz,Erisa,Gatuk,Adruzan,Berwareh,,Olive
Frald,Fastred,Bold-Lute,Ahzug,Fnagdesh,Gilgar,Afelir,Bezhefah,,River
Frik,Fjori,Deep-Raed,Arghragdush,Gahgra,Gortwog,Afshar,Bezhneh,,Payton
Garding,Fjola,Elf-Hewer,Arghur,Gargahz,Nolob,Afwa,Bilaira,,Ariella
Geilir,Fjotra,Fine-Hair,Ashzu,Gargum,Ragdam,Agalir,Bilami,,Daniela
Godrod,Frabbi,Fire-Eye,Aturgh,Garl,Shargakh,Agha,Blandine,,Raegan
Gogrek,Fralia,Flat-Foot,Avreg,Garlor,Shub,Ahad,Bolura,,Alayna
Graring,Freir,Fork-Beard,Azarg,Garlub,Shurkul,Ahdan,Boussa,,Gracie
Gudling,Frida,Gray-Wave,Azgarub,Garotusha,Bol,Ahiza,Braithayidra,,Mya
Haakon,Fridrika,Hairy-Breeks,Azimbul,Ghamzeh,Grush,Ahmadduh,Bramula,,Blake
Haening,Fruki,Hard-Mouth,Azogu,Gharakul,Murtag,Ahmaron,Branwadai,,Noelle
Haesmar,Fura,Heart-Fang,Azrath,Gharn,Uzug,Ahmat,Brazamah,,Ana
Hakar,Gerda,Hearth-Healer,Azulg,Ghat,Agluk,Ahmih,Brazzia,,Leila
Hallvaror,Gerdur,Home-Wrecker,Balarkh,Gheshol,Bug,Ahmin,Brazzideh,,Paige
Halof,Gisli,Horse-Mouth,Balknakh,Ghobub,Gulash,Ahobi,Brihana,,Lila
Hamlof,Gormlaith,Long-Leg,Balmeg,Ghogogg,Ogdula,Ahram,Bruscilla,,Nicole
Hamvir,Grelka,Long-Tooth,Balorgh,Ghoral,Urish,Ahuziq,Buhata,,Rowan
Hefadmir,Grelod,Red-Spear,Baloth,Ghorbog,Bar,Aizar,Burahaira,,Hope
Heidmir,Greta,Red-tooth,Balrook,Ghorzolga,Barkbite,Akhbar,Burwa,,Ruth
Heifnir,Grete,Snow-Song,Balzag,Ghratutha,Bur,Alahir,Carmara,,Alana
Herd,Gretta,Swift-Sailer,Bargo,Glagag,Duluk,Alasan,Casmen,,Selena
Higil,Grosta,Wave-Breaker,Bargrug,Glagosh,Dumba,Alburz,Cattrice,,Marley
Hirnir,Gwendolyn,Wind-Eye,Bash,Glarikha,Dunk,Algredhen,Chanas,,Kamila
Hisin,Haelga,Wine-Sot,Bashagorn,Glash,Dush,Alkar,Chanisa,,Alexis
Hjoldir,Hafjorg,Wolf-Runner,Batgrul,Glath,Ghash,Almur,Cinnabar,,Mckenzie
Hjrondir,Hamal,Fetid,Bazrag,Glatha,Goldog,Alqadarun,Clarice,,Zara
Hlar,Haran,Hollowleg,Begnar,Glathuhl,Graaum,Alqar,Clelian,,Millie
Hloggar,Hefid,Maulhand,Begok,Glathut,Grumush,Am-Shadal,Clessia,,Magnolia
Hlora,Helgi,oftheIsles,Begozug,Glega,Izburg,Amahnin,Comira,,Kali
Hlormar,Helgird,theBurly,Bekhwug,Glesh,Khazun,Amal,Dahla,,Kehlani
Hodlismod,Hermir,theBuxom,Berbog,Glolbikla,Korlag,Amarz,Dahnadreel,,Catherine
Hoki,Hert,theCautious,Bhagrun,Glorgel,Kreeg,Amjeesh,Dalama,,Maeve
Holmar,Hestla,theContemptible,Biknuk,Glothum,Larishak,Amjhad,Daleila,,Adelyn
Honthjolf,Hilde,theCook,Bisquelas,Glurbasha,Lorga,Amlith,Damrina,,Sawyer
Horstar,Hillevi,theCurse-Bringer,Blodrat,Glurduk,Lumuf,Amozhgar,Danefsha,,Elsie
Hrargal,Hjordis,theFair,Blograth,Glurmghal,Mak,Anal'a,Danouida,,Lola
Hrisskar,Hoddreid,theHarrier,Boagog,Glurzakha,Mal,Andrin,Dara,,Jayla
Hroldar,Hrefna,theLaggard,Boggeryk,Glurzul,Morkul,Anjan,Darima,,Adriana
Hrondar,Hroki,theNaughty,Bogham,Gluth,Othmurga,Anyaq,Dasra,,Journey
Hrundi,Huki,theNortherner,Bognash,Gluthesh,Rug,Arahn,Delbar,,Vera
Hulgarth,Hulda,theOutcast,Bogodug,Gluthogna,Shara,Ardeshir,Delkash,,Aspen
Hurg,Iddra,thePickled,Bogzul,Gluthurzog,Shatul,Arfan,Delphine,,Joanna
Hurnfing,Illdi,thePortly,Boldarkh,Gnush,Shugdurbam,Arfedar,Delphique,,Alivia
Hurolf,Inge,theRotted,Bolg,Gogul,Ulat,Armin,Delyna,,Angela
Hylf,Ingjard,theSeal,Bolgrul,Golakha,Yashna,Asadel,Dersaja,,Dakota
Idlami,Ingrid,theSufficient,Borab,Golga,Agdur,Ashadr,Dersimeh,,Camille
Itar,Ingun,theTall,Boragrul,Golgakul,Arzug,Ashahdr,Dh'andsa,,Nyla
Jolgeir,Iona,theUgly,Borbuz,Gonbubal,Badbul,Ashatir,Dhemeeta,,Tessa
Kjeld,Irgnir,theUnrestful,Borgath,Gonbush,Bagat,Ashtad,Dhemireh,,Brooklynn
Knurguri,Jala,theUnwavering,Borgh,Gondubaga,Bagol,Asjaila,Dholia,,Malia
Kunthar,Jora,theWanderer,Bormolg,Goorga,Barbol,Asmalah,Diwa,,Makayla
Lorod,Jordis,theWide,Borolg,Grabash,Bashnarz,At'avar,Diwaneh,,Rebecca
Maering,Katla,theWorld-Weary,Borth,Graghesh,Bazgar,Atal,Doletta,,Fiona
Mendel,Katria,theWorm,Borz,Grahla,Bazul,Athdar,Domayoun,,Mariana
Norring,Laila,Bear-Arm,Borzighu,Grahuar,Bekh,Atif,Dombuza,,Lena
Odmi,Lami,Black-Nail,Borzugh,Grakguhl,Birgo,Attazal,Domia,,Julianna
Onmi,Lillith,Bog-Trotter,Bothamul,Graklha,Bor,Awanan,Drigsen,,Vanessa
Ormvard,Lisbet,Dark-Heart,Braadoth,Grash,Borgakh,Ayusni,Duhanina,,Juliet
Pelf,Lydia,Doom-Sayer,Braghul,Grasha,Borgub,Azad,Dulayna,,Camilla
Radd,Lynly,Elf-Daughter,Bragulug,Grashla,Born,Azah,Dulia,,Kendall
Raflod,Margret,Fog-Eye,Brog,Grashorag,Bugurz,Azanir,Durdira,,Harley
Rakoslod,Matlara,God-Hater,Brogdul,Grashug,Bulfimorn,Azeel,Durida,,Cali
Ranmir,Maven,Hairy-Legs,Brogul,Gratbog,Bumolg,Azei,Durrinia,,Evangeline
Reinhardt,Minette,Hoar-Blood,Brokk,Gratorga,Burbulg,Azzadal,Ebarah,,Mariah
Roggvar,Mjoll,Home-Wrecker,Brugagikh,Grazda,Burgal,Babhaq,Ehteram,,Jane
Saetring,Narri,Ice-Veins,Brugdush,Grazdar,Burku,Bahadur,Eilina,,Zuri
Sarnir,Nilsine,Oaken-Hull,Brughamug,Grazoth,Burz,Bahalzim,Elnaia,,Elaina
Savard,Njada,Red-Tooth,Brugothmag,Grazubesha,Buzbee,Bahbiq,Eluza,,Sage
Sifknir,Nura,Wind-Shifter,Bruimag,Grenbet,Dasik,Bahir,Emmita,,Amira
Sigvatr,Olava,theYounger,Brulak,Groddi,Drol,Bahram,Emydal,,Adaline
Sittar,Olda,Bearclaw,Bugnerg,Grubalash,Drom,Bail,Enaffir,,Lia
Sjarnfid,Olfina,Blackthorn,Bugunh,Grubathag,Drublog,Balabar,Endiruin,,Charlee
Sjoring,Oriella,Bloodmouth,Bulg,Grubazh,Dugronk,Balanvir,Enie,,Delaney
Sjorvar,Orla,Ebonhand,Bullig,Grubesha,Durbug,Balarik,Enjaadia,,Lilah
Snadir,Rakel,Farseer,Bulugbek,Grugleg,Durgamph,Bamalen,Enna,,Miriam
Snorri,Rigel,Firebeard,Bulzog,Grularz,Durgoth,Bardun,Ennas,,Angelina
Sold,Rikke,Halfhand,Bulozog,Grumgha,Dushnikh,Barrus,Ernewazh,,Mckenna
Sor,Ruki,Ice-Shaper,Bumnog,Grundag,Fakal,Barun,Esmada,,Aniyah
Sorkvild,Runa,Ironhand,Buragrub,Gruzbura,Garbug,Basri,Esmee,,Phoebe
Star,Sapphire*,Ironkettle,Burush,Guazh,Gatuk,Behrzharah,Esthirh,,Michelle
Svog,Serana,ofStuhn,Burzgrag,Gula,Ghammak,Behsheed,Evangeline,,Thea
Thongar,Sigrid,Ravencrone,Burzunguk,Gulara,Ghol,Behshusaron,Fabienne,,Hayden
Thorek,Silda,Rockbreaker,Burzura,Gulgula,Ghralog,Benzoq,Fabrelle,,Maggie
Thormoor,Sissel,SixFingers,Buzog,Gulorz,Goldfolly,Bhos,Fada,,Lucille
Throknolf,Sofie,Stonearm,Buzug,Gulugash,Gorzoth,Bhosek,Fadahal,,Amiyah
Thrud,Sonir,Stormcloak,Carzog,Gulza,Gular,Bhosim,Fadalia,,Annie
Thurek,Sorli,theBlind,Charlvain,Gulzurgol,Gum,Birahn,Fadanah,,Alexandria
Toralf,Susanna,theBuilder,Cognor,Gunzga,Gurba,Bizazan,Fadi,,Myla
Ulfgar,Svana,theBulwark,Dagnub,Gurhul,Guthra,Bizhan,Fadiya,,Vivienne
Urfing,Svari,theDeaf,Dorzogg,Gurikha,Khamagash,Bodani,Fahdah,,Kiara
Valgeir,Swanhvir,theFair,Dragom,Gursthuk,Khambol,Borasad,Fahima,,Alani
Valund,Sylgja,theFearless,Dromash,Gurum,Khamug,Borosir,Faliara,,Margot
Velfred,Tekla,theFearsome,Drudun,Guth,Khargub,Brand,Falisa,,Adelaide
Vigunn,Temba,theFeeble,Dugakh,Guurzash,Khazgur,Burh,Falla,,Briella
Virgerd,Thaena,theFleet,Dugan,Guuth,Kogg,Burhan,Fallarah,,Brynn
Vongvild,Threki,theGreater,Dugroth,Guz,Korith,Carrod,Falleh,,Saylor
Yngling,Tilde,theHaggard,Dugtosh,Guzash,Korma,Cartos,Falorah,,Destiny
Agarmir,Tilma,theHuntress,Dugug,Guzmara,Kruts,Caseh,Faneh,,Amari
Agnar,Tormir,theIntrepid,Dugugikh,Haghai,Kush,Casnar,Fanouda,,Evelynn
Algot,Tova,theInnocent,Dular,Hagra,Ladba,Caspar,Farama,,Haven
Arctus,Una,theKind,Dulph,Harfza,Logdum,Corwin,Faribah,,Phoenix
Beirir,Uthgerd,theLioness,Dulphago,Harza,Lort,Curnard,Farideh,,Izabella
Bittneld,Valerica,theMan,Dulragh,Hurabesh,Lumborn,Currod,Farrin,,Kaia
Bjalfi,Vori,theNightingale,Dulrat,Ilg,Luruk,Cyrion,Farzaneh,,Lilliana
Burd,Ysolda,theNose,Dumolg,Irsugha,Madba,Dadarh,Farzazha,,Harlow
Carsten,Frikkhild,theOld,Durak,Jorthan,Makla,Dajan,Fasana,,Alessandra
Eitar,Afnhi,theSinger,Durang,Junlock,Malak,Dajeh,Favia,,Madilyn
Erich,Alma,theSlayer,Dushgor,Kashurthag,Malorz,Dalamar,Fawzhah,,Nina
Esbern,Gjarmal,theSteady,Dushkul,Kelagi,Marguz,Damar,Fawzi,,Logan
Fafnir,Greca,theSword-Maiden,Dushugg,Khagral,Mashul,Damien,Fayna,,Adelynn
Fjotreid,Haldwyn,theTongue,Fangoz,Khagruk,Morad,Darewan,Feremuzh,,Amina
Geimund,Halfara,theUnbroken,Farbalg,Khaguga,Murgob,Darius,Ferzhadiyeh,,Kate
Gromm,Heimunda,theUnending,Fheg,Khaguur,Murkha,Darwaz,Ferzhela,,Fatima
Gukimir,Helgi,theUnliving,Gag,Kharekh,Murug,Darwesh,Ferzhineh,,Samara
Gunder,Jakidi,theUnlucky,Gagogru,Kharza,Namor,Darwish,Fezhruh,,Winter
Gundlar,Leidmir,theUnseen,Gahar,Kharzolga,Nar,Degmeq,Fihrah,,Giselle
Hafid,Meling,theUnworthy,Gahgdar,Khazrakh,Narzul,Dehanar,Finaha,,Evie
Hamlof,Olveidi,theWanderer,Gahznar,Kora,Nogremor,Delmasir,Fireya,,Arielle
Hans,Rolunda,theWarlock,Gard,Korgha,Oglurn,Derik,Fithia,,Jessica
Havilstein,Adana,theWicked,Gargak,Krithgra,Olub,Dhakir,Futuni,,Talia
Heinrich,Adelhild,theWillful,Garikh,Kroma,Oluk,Dhul,Gamati,,Leia
Henrik,Adelil,Thrallmaster,Garmeg,Kruaga,Orgak,Dhulavir,Genalda,,Gabriela
Hil,Adelrine,Trollsbane,Garnikh,Kuhlon,Orguk,Dhulimdin,Gervaise,,Gracelyn
Hjar,Adelsin,Whitemane,Gashdug,Kurz,Othmog,Dihoq,Ghadina,,Lexi
Hlofgar,Adla,Windcaller,Gasheg,Ladurash,Ram,Dinawan,Ghadiya,,Laura
Holger,Adrua,Windrime,Gezdak,Lagabul,Rimat,Dinmar,Ghalada,,Makenzie
Honmund,Aelakja,Woodcutter,Gezorz,Laganakh,Ruguk,Divad,Ghazafran,,Melissa
Horkvir,Aelirma,Battle-Born,Ghagrub,Lagbaal,Ruumsh,Domar,Ghazaleh,,Royalty
Hridi,Aelm,Gray-Mane,Ghak,Lagbuga,Shagob,Dometri,Ghazana,,Rylie
Hrol,Aera,Black-Briar,Ghaknag,Lagdabash,Shagrak,Dozheem,Gianon,,Raelyn
Irroke,Aerana,Snow-Shod,Ghakorz,Lagra,Shagronk,Dozhim,Gibat,,Gabrielle
Iver,Aeridi,Cruel-Sea,Ghamborz,Lagruda,Shar,Draguar,Gilame,,Paris
Jayred,Aesa,Shatter-Shield,Ghamokh,Lahzga,Shatub,Dringolir,Ginalir,,Daleyza
Jesper,Agila,Silver-Blood,Ghamosh,Lakhazga,Shatur,Ebadnar,Gisele,,Joy
Jofnhild,Agka,One-Eye,Ghamron,Lamazh,Shazgul,Eban,Glesa,,Maisie
Jollring,Agnedir,Stone-Fist,Ghamulg,Lambur,Shelakh,Ebdoh,Golbahr,,Oakley
Jorck,Agnenor,Banner-Torn,Ghash,Lamburak,Shegub,Ebrayd,Gonda,,Ariyah
Jorundr,Airia,Black-Skeever,Ghashugg,Lamugbek,Sheluk,Ebzahd,Goudadul,,Kailani
Kalthar,Ajorda,Brandy-Mug,Ghashur,Lamur,Shub,Ehlimah,Guitah,,Alayah
Keld,Alana,Cairn-Breaker,Ghatrugh,Lamzakha,Shurgak,Ehrib,Gulahveh,,Stephanie
Larthjar,Aldi,Crag-Jumper,Ghaturn,Larzgug,Shurkul,Ehshaz,Gulisheh,,Amora
Logvaar,Aleeka,Crag-Strider,Ghaz,Lashakh,Sgrugdul,Ehwat,Guliyeh,,Willa
Lorenz,Alfa,Death-Brand,Ghobargh,Lashbesh,Shugduk,Ehwenzh,Gwenefta,,Gracelynn
Lorkmir,Algunda,Early-Dawn,Ghogurz,Lashbura,Shugharz,Eil,Gweneylah,,Elle
Lynch,Alhana,Ember-Master,Ghorn,Lashdura,Shuhgharz,Eilram,Gwenna,,Keira
Manheim,Alwyn,Fair-Shield,Ghornag,Lashgikh,Stugbaz,Elburj,Habasah,,Tatum
Mogens,Ama,Far-Shield,Ghornugag,Lashgurgol,Stugh,Emahd,Hadaileh,,Veronica
Msirae,Amandtea,Fire-Tamer,Ghrategg,Lashza,Thormok,Emson,Hadi,,Milani
Nels,Amifar,Free-Winter,Ghromrash,Lazdutha,Thumog,Endavar,Hadineh,,Felicity
Newheim,Amihild,Frozen-Heart,Ghrubugbash,Lazghal,Ugrush,Endehm,Hadonia,,Paislee
Niels,Amiiske,Golden-Hilt,Ghrum,Lazgara,Urku,Enis,Hafayidra,,Allie
Olav,Amitra,Head-Smasher,Ghum,Legdul,Urkub,Enneh,Hafsa,,Nylah
Olfand,Amwyn,Honey-Hand,Gladba,Lhazbura,Urula,Enzamir,Hafza,,Ariah
Ongar,Anaka,Horse-Crusher,Glag,Lig,Usharku,Erdelan,Hafzara,,Cassidy
Orgnolf,Angetha,Ice-Fist,Glagbor,Logdotha,Uzguk,Ernele,Haida,,Lyric
Ortis,Anjolda,Iron-Fur,Glamalg,Loglorag,Vortag,Erno,Haidarah,,Madeleine
Regner,Anneke,Iron-Hand,Glarg,Logru,Wroggin,Eshir,Haila,,Miracle
Reistr,Anrunn,Iron-Shaper,Glaz,Lokra,Yarzol,Eshraf,Hailibah,,Gwendolyn
Rolgarel,Araki,Knot-Beard,Glazgor,Lorak,Yggrub,Eshundir,Hakruba,,Octavia
Roliand,Arani,Law-Giver,Glazulg,Lorku,theMighty,Esmaeel,Halana,,Dahlia
Snar,Areca,Lonely-Gale,Glegokh,Lorogdu,Axe-Hands,Eustache,Halelah,,Heidi
Sten,Arnhilda,Maiden-Loom,Gloorag,Luga,Bear-Slayer,Fabien,Haliyya,,Celeste
Storn,Arva,Oath-Giver,Gloorot,Lugharz,Bloodtusk,Fadaz,Halora,,Remington
Styrbjorn,Asda,Once-Honored,Gloorz,Luglorash,Chief-bane,Fadeel,Hamefsha,,Makenna
Tolgan,Asfredda,Pure-Spring,Glorgzorgo,Lugrugha,Deadeye,Fahad,Hamika,,Everlee
Torbal,Asga,Red-Arm,Gloth,Lugurzog,Fire-Caller,Fahara'jad,Hanneh,,Scarlet
Torolf,Asgi,Red-Shoal,Glothozug,Lulgra,Hammerdeath,Fahrazadar,Hanniel,,Esmeralda
Tove,Atgretha,Rock-Chucker,Glothun,Lurgush,Hammerhand,Fahruz,Hara,,Maci
Ulfgar,Atli,Sable-Hilt,Glud,Luruzesh,Ice-Bringer,Fahrzuzh,Haruna,,Lainey
Valdemar,Atodir,Salt-Plank,Glundeg,Lurz,Ironblood,Fairuz,Haseta,,Jacqueline
Vidkun,Attiri,Salt-Sage,Glunrum,Mabgikha,oftheMany,Fakimall,Hatmarah,,Kira
Vigge,Attiring,Scar-Face,Glunurgakh,Mabgrolabesh,One-Eye,Farasad,Hatmi,,Lana
Wilhelm,Attring,Secret-Fire,Glurdag,Mabgrorga,Skullchucker,Farrokh,Hawafa,,Brinley
Wrath,Aubykka,Seven-Swords,Glurnt,Mabgrubaga,Strongbow,Farsh,Hawnazh,,Demi
Yngvar,Auda,Star-Sung,Glushonkh,Mabgruhl,Talespinner,Farsheed,Hayaia,,Ophelia
Barknar,Aumfi,Stone-Eye,Gluthob,Magula,theAxe,Farvad,Hayed,,Lennon
Engar,Autrae,Strong-Arm,Gluthush,Mahgrok,theBard,Fasef,Hayideh,,Reign
Fultheim,Avwenn,Strong-Heart,Gobur,Maraka,theBeryl-Chested,Fathi,Hazanah,,Bristol
Gunjar,Awyn,Strong-Voice,Goburbak,Marutha,theBlatherskite,Fawazz,Hazihi,,Sabrina
Kjeld,Axkiral,Sun-Killer,Godrun,Maugruhl,theBold,Fawzi,Hazzenie,,Alaya
Sond,Axulfa,Thrice-Pierced,Gogaz,Mazgroth,theButcher,Feraj,Hazzi,,Jennifer
Torkild,Balwyn,Twice-Killed,Gogbag,Mazog,theCheesemonger,Ferhad,Heenarh,,Kenzie
Adalvald,Bekeigr,War-Anvil,Gogrikh,Mazrah,theCleaver,Fermadnar,Hefassah,,Angel
Addvar,Bekka,War-Bear,Goh,Mazuka,theCorruptor,Fermouzh,Hel,,Luciana
Addvild,Bekwine,Wet-Pommel,Gohazgu,Megruk,theDark,Fermudh,Hervia,,Anaya
Agmaer,Belfrost,Whetted-Blade,Gohorg,Mogdal,theDeceiver,Fertab,Hidabah,,Hallie
Akar,Belofa,Wide-Arm,Golbag,Moglurkgul,theFirestarter,Fintias,Hillid,,Ryan
Alding,Bemfola,Wild-Blood,Golg,Mograg,theGutter-King,Firas,Hiraira,,Camryn
Aldis,Beovar,Bald,Goorgul,Mogul,theGutworm,Firhesan,Hironi,,Kinley
Alfarinn,Berala,Ferocious,Goragol,Mordra,theHungry,Firouz,Hiroufar,,Daniella
Alvor,Bergitte,Loremaster,Gorak,Morga,theImpatient,Franal,Hisolda,,Lilith
Andurs,Beridi,Mad,Goramalg,Morndag,theIronfinder,Frandar,Hitari,,Blair
Angrenor,Beritta,Purifier,Gorbakh,Mornamph,theKind,Gabir,Hitoufah,,Amanda
Angvid,Berra,Skull-Daughter,Gorblad,Morndolag,theKnife,Gagni,Hiyyara,,Collins
Argis,Betdis,Skull-Father,Gorbu,Morushna,theMason,Gaiden,Homeira,,Jordan
Arnbjorn,Betedir,Skull-Mother,Gordag,Mozgosh,theMauler,Garrebh,Honai,,Maliyah
Arngeir,Betnarre,Sleepy,Gorgath,Mugaga,theMerry,Ghaffar,Horayya,,Rosemary
Arnskar,Birgitha,Smiling,Gorgrath,Mugumurn,theMonster,Ghani,Huhtami,,Cataleya
Arrald,Bjernild,Sober,Gorgrolg,Muguur,thePenitent,Ghaninad,Hulela,,Kaylani
Asbjorn,Bjertha,Wandering,Gorlar,Mula,thePrim,Gheermoh,Hulya,,Gia
Asgeir,Bolfrosti,Bitterblade,Gorotho,Mulgabesh,theProselytizer,Gherneem,Huma,,Alison
Aslfur,Bona,Snowpeak,Gorrath,Mulgrul,theRecruiter,Ghininath,Hura,,Leighton
Assur,Bonafryd,Stormcrag,Goruz,Multa,theRed,Ghiradar,Hurisa,,Nadia
Atar,Bonmund,Lastblood,Gorzesh,Mulzah,theShark,Ghiyath,Husbifah,,Sutton
Aventus,Bonohild,Coldheart,Gothag,Mulzara,theSmuggler,Gibal,Husniya,,Carolina
Avulstein,Bonorvir,Frostmoon,Gothurg,Mulzurbesh,theSnappy,Gibeth,Ianwas,,Skye
Badnir,Bontilf,Frostwind,Gozarth,Murboga,theSot,Gidan,Ibrula,,Alicia
Balbus,Bonwyn,Windtorn,Graalug,Murotha,theStewmaster,Gilzir,Ilafa,,Regina
Balgruuf,Borahild,Fireforge,Graguz,Murzgut,theStrong,Gilzurjj,Ileh,,Viviana
Balimund,Borasa,Forestborne,Gralturg,Muzgraga,theUndefeatable,Gimranal,Ilkhas,,Yaretzi
Bassianus,Braning,Foxbite,Grashbag,Naroga,theUntamed,Ginal,Ilmaha,,Heaven
Beirand,Branir,Ironarm,Grashegg,Narol,theTidyTailor,Ginrazan,Iman,,Serena
Belrand,Brankelvi,Meadblood,Grashub,Narzbash,Two-Axes,Giran,Imrubeth,,Raven
Benkum,Brannis,Meadmoon,Gravik,Narzdush,Trollfeeder,Githil,Imtithah,,Emely
Benor,Brecir,Owlcloak,Grazhwu,Nazdura,Murtag,Glanlian,Inaya,,Carmen
Bersi,Brea,Snowmead,Grezgor,Nazhag,Gorzoth,Gonnison,Inila,,Wren
Bjorlam,Breda,Wealdwalker,Grishduf,Nazhataga,Shugdurbam,Gourdeez,Ireh,,Helen
Bjornolfr,Bree,Bearfang,Grodagur,Nazubesh,Yagash,Gourdudh,Irina,,Charleigh
Bolgeir,Brekalda,Crackjaw,Grodoguz,Noguza,Barok,Govan,Isaadiah,,Danielle
Bolli,Bresa,Darkmoon,Grog,Nulra,Gularz,Greban,Isalde,,Daphne
Bolund,Brey,Drakesbane,Grolag,Nunchak,Yamwort,Gudarz,Isbifa,,Esme
Borgny,Breyfridde,Firecloak,Gromazgu,Nuza,,Guibor,Ishradireh,,Nayeli
Borri,Brigette,Frozenfox,Gronov,Ogzaz,,Gwath,Isramal,,Maddison
Borvir,Brima,Greatstorm,Grookh,Oorga,,Hadir,Iszreena,,Sarai
Bottar,Brimfja,Hammerhurl,Grubdosh,Oorza,,Hadoon,Izdimah,,Dylan
Briehl,Bringuna,Hroason,Grudogub,Oorzuka,,Haerdun,Izdirah,,Frances
Brill,Brittgerd,Iceheart,Grugnur,Orbuhl,,Hafizah,Izdiya,,Elisa
Brond,Brunka,Knifeborn,Grulbash,Orcolag,,Hahdavir,Izirama,,Mabel
Brunwulf,Brunn,Ravenwing,Gruldum,Ordasha,,Hahdemir,Izoufa,,Skyler
Brynjolf,Bryfar,Skjoralmor,Gruloq,Ordatha,,Hahdoh,Izradi,,Jenna
Bulfrek,Brygelva,Snowraven,Gruluk,Orgotha,,Hahnin,Izzara,,Emelia
Calder,Bryring,Spearhurler,Grulzul,Orlozag,,Haidar,Izzayya,,Kaitlyn
Christer,Burbet,Stoneheart,Grumog,Orlugash,,Hakam,Jada,,Miranda
Dagur,Cathja,Stormfist,Grumth,Orluguk,,Halam,Jadisa,,Marlee
Dengeir,Chalda,theAxe,Grundu,Orthuna,,Halder,Jaeloreh,,Matilda
Drahff,Chalwyn,theBard,Grunyun,Orutha,,Haldesan,Jahayna,,Selah
Drennen,Dagbara,theBastard,Grushbub,Orzbara,,Hallan,Jahhaira,,Jolene
Eimar,Dagrunn,theBlack,Grushnag,Orzdara,,Hamill,Jahi,,Wynter
Einarth,Daiske,theBrash,Gruudus,Orzorga,,Hamza,Jalaima,,Hattie
Elgrim,Dalitra,theCook,Gruzdash,Oshgana,,Hannat,Jalienna,,Bianca
Embry,Daljari,theHunter,Gruznak,Othbekha,,Haqmir,Jalinah,,Haley
Eorlund,Dalmidi,theRaven,Guargorkh,Othgozag,,Harfiza,Jarina,,Lorelei
Erik,Daneem,theRed,Gulargh,Othikha,,Harimal,Jarla,,Mira
Erikur,Danrine,theRock,Gulburz,Othrag,,Harukar,Jawna,,Braelynn
Erlendr,Deldwine,theShy,Gulfar,Othrika,,Hasib,Jessmyn,,Annalise
Esbern,Delia,theSteady,Gulug,Ozrog,,Hasid,Josajeh,,Madelynn
Falk,Deowyn,theWolf,Gulzog,Pruzag,,Hasilium,Jossai,,Katie
Farengar,Didrika,Warhammer,Gunagud,Pruzga,,Hasmani,Julupe,,Palmer
Farkas,Draljura,Axehandle,Gunda,Ragbarlag,,Hassan,Junah,,Aylin
Felldir,Drod,Bearblood,Gunran,Ragushna,,Hassariq,Juwan,,Elliott
Fenrig,Drodda,Bearfist,Gurag,Rakhaz,,Hasuq,Kabrahla,,Kyla
Filnjar,Drosine,Berard,Gurg,Rakuga,,Hawar,Kahaba,,Rory
Frodnar,Droslynne,Bereouch,Gurgozod,Ranarsh,,Hawarman,Kahorah,,Avianna
Frofnir,Drowyn,Bigtoe,Gurlak,Razasha,,Hayazzin,Kaleen,,Liana
Froki,Eepa,Bitterblood,Guruzug,Razbela,,Haydelqub,Kalia,,Shiloh
Frorkmar,Eerika,Blackfox,Gushagub,Rogag,,Haythehdi,Kaliyana,,Kalani
Frothar,Eeze,Blackrock,Gushorg,Rogba,,Hedayat,Kamika,,Jada
Galmar,Eibytte,Blackvein,Guzg,Rogbual,,Helkhar,Kanadiy,,Kelsey
Garthar,Eilenda,Bleakdawn,Gwilherm,Rogoga,,Hezhan,Karayyah,,Elianna
Garuk,Eiraki,Bloodshark,Hagard,Rogzesh,,Hifa,Kareth,,Jimena
Geimund,Eirfa,Bluesky,Hazbur,Roku,,Hillemir,Karifa,,Kora
Geirlund,Eila,Bonebreaker,Horak,Rolbutha,,Hinhad,Karra,,Kamryn
Gestur,Eirma,Brewmistress,Hothmuk,Rolfikha,,Hinther,Karriel,,Ainsley
Gissur,Eirul,Brightwind,Hruz,Rolfogbesh,,Hinzuur,Kasalla,,Averie
Gjak,Eitaki,Brittleblade,Ilthag,Rolfzal,,Hisal,Kashia,,Kensley
Gjalund,Elfbetta,Cloudstomper,Inazzur,Rolga,,Hisham,Kasouda,,Helena
Gjuk,Elfriede,Coldhand,Kadrun,Rulbagab,,Hiwanan,Kasura,,Holly
Gloth,Eling,Coldmoon,Kargnuth,Rulbza,,Hlaureg,Katayoun,,Emory
Golldir,Elisgunne,Coldstone,Kazok,Ruldor,,Hodana,Kellalan,,Macie
Gonnar,Elle,Coldtongue,Kelrog,Ruldzusha,,Hodrah,Keylan,,Amber
Gorm,Ellisif,Cookpot,Kentosh,Rulfala,,Hosni,Keylja,,Zariah
Gort,Elpa,Crowheart,Khal,Rulfalash,,Hossid,Keyna,,Erin
Gralnach,Elreid,Daggerhand,Khamagash,Rulfub,,Hubod,Khada,,Eve
Gregor,Elsbytte,Darkdawn,Kharsh,Rulfuna,,Hurien,Khadiha,,Kathryn
Grimvar,Elsenekka,Darkhammer,Kharsthun,Rulfzub,,Husni,Khadora,,Renata
Grisvar,Elslea,Darksky,Khartag,Rulgum,,Huzodir,Khalatah,,Kayleigh
Gunding,Elsmira,Darkstorm,Khoruzoth,Sgala,,Ibrazh,Khalima,,Emmy
Gunmar,Emilinna,Deepcrag,Khralek,Sgrugbesh,,Ihdar,Khalisah,,Celine
Gunnar,Ena,Direfrost,Kurog,Sgrugha,,Ihlqub,Khareenyah,,Francesca
Guthrum,Engling,Eardwulf,Kirgut,Sgrula,,Ikran,Khari,,Fernanda
Hadring,Enlaf,Eversmiling,Klang,Shabaga,,Ilwan,Khezibanh,,April
Hadvar,Enyra,Fairsong,Klovag,Shabeg,,Imradi,Khojasta,,Shelby
Hafnar,Eoeilif,Falharth,Kogaz,Shabeshga,,Imrahasah,Khojifa,,Poppy
Hajvarr,Eofel,Fireheart,Kradauk,Shabgrut,,Imrazan,Khorsheed,,Colette
Hakar,Eoman,Frostbrow,Krodak,Shabon,,Imrazon,Khorshida,,Meadow
Haknir,Eoram,Frostheart,Krog,Shadgolga,,Imre,Khorshina,,Nia
Hakon,Eorim,Frostiron,Krogrash,Shagareg,,Imzadda,Kiarallah,,Sierra
Halvar,Erekka,Furmender,Kulth,Shagduka,,Inala,Kimiya,,Cheyenne
Haming,Eriann,Goldenhand,Kurd,Shagora,,Indouz,Koz,,Edith
Hans,Euda,Goodsword,Kurlash,Shagra,,Iraj,Kozelan,,Oaklynn
Hargar,Evigna,Graymist,Lagarg,Shagrum,,Irwad,Krisela,,Kennedi
Harkon,Evska,Graysky,Lagrog,Shagrush,,Iscan,Ku'ah,,Abby
Harlaug,Eydreigga,Grimlantern,Lahkgarg,Shagugbeka,,Islaf,Kushalia,,Danna
Harrald,Eydvi,Halfmoon,Lakhalg,Shagura,,Islaif,Kusheesh,,Jazlyn
Heddic,Eyfja,Hammerfall,Lakhdosh,Shakul,,Israhal,Kushorithi,,Alessia
Heimskr,Eyga,Hammerhand,Larhoth,Shaldagan,,Issal,Laadia,,Mikayla
Heimvar,Fairynn,Hammerhands,Larob,Shalug,,Istah,Ladra,,Alondra
Helvard,Faivera,Hammerheart,Lashbag,Shamuk,,Izbemir,Lahafa,,Addilyn
Hemming,Falaki,Hammerhold,Latumph,Shamush,,Jagnas,Lail,,Leona
Henrik,Faldar,Hammertongue,Laurig,Shara,,Jahan,Laimi,,Mckinley
Heratar,Falethea,Hardhelm,Lazgel,Sharbarga,,Jahannif,Lakana,,Carter
Hern,Falkyn,Havilguss,Lob,Sharbzur,,Jahhudah,Lan'ah,,Maren
Hewnon,Falwyn,Hodgrym,Logbur,Sharduka,,Jahsul,Landalla,,Sylvia
Hjalfar,Farlia,Hornhelm,Logogru,Shardush,,Jairry,Landanta,,Alejandra
Hjornskar,Farvild,Iceblade,Lorbash,Shardzonk,,Jakir,Landefa,,Ariya
Hjorunn,Faylva,Ironbelly,Lothdush,Shardzozag,,Jalad,Lashon,,Astrid
Hod,Feiri,Ironfist,Lothgud,Sharga,,Jaleel,Laurel,,Adrianna
Hofgrir,Fingrida,Ironhand,Lozotusk,Shargalash,,Jalid,Layameh,,Charli
Hogni,Fjogryd,Jaggedpeak,Lozruth,Shargduguk,,Jamadin,Layla,,Imani
Holgeir,Fjora,Kjisorssen,Lozwug,Shargra,,Jambi,Leah,,Maryam
Horgeir,Fjorda,Laransdottir,Lug,Sharuk,,Jamshid,Leila,,Christina
Horik,Fjoria,Loghammer,Lugbagg,Sharushnam,,Jarrod,Leja,,Stevie
Horm,Fjorna,Longhair,Lugbur,Shaza,,Javid,Lejefah,,Maia
Hreinn,Fjorolfa,Longsword,Lugdakh,Shebakh,,Jawan,Lejesha,,Adelina
Hroar,Fjurdora,Loreseeker,Lugdugul,Shelboth,,Jayeed,Lejka,,Dream
Hrodulf,Fortuna,Marys,Lugnikh,Sheluka,,Jaylim,Lendhya,,Aisha
Hroggar,Fragrydde,Meadmug,Lugolg,Shera,,Jehrait,Leneh,,Alanna
Hrollod,Franja,Milkeye,Lugrots,Shezul,,Jehratir,Lennima,,Itzel
Hrolmir,Fraretha,Moonstrike,Lugrun,Shgrag,,Jehrz,Lesramal,,Azalea
Hrongar,Freca,Neckbender,Lugulg,Sholg,,Jeirahd,Letta,,Katelyn
Hrothmund,Frehilde,Noellaume,Lugzod,Shubesha,,Jelanan,Levaia,,Kylee
Hugin,Freigritte,Northwind,Lum,Shufdal,,Jengar,Lialanah,,Leslie
Hunroor,Freiwen,ofIcereach,Lumgol,Shufgrut,,Jerissean,Lidyah,,Madilynn
Idolaf,Freki,oftheCreepingDusk,Lungruk,Shufthakul,,Jhiinval,Lidyeilah,,Myra
Igmund,Frena,Orcthane,Lurash,Shuga,,Jibril,Lienne,,Virginia
Irlof,Frera,Pinebreak,Lurbozog,Shugzur,,Jireq,Lihidar,,Remy
Irnskar,Frerbild,Redblade,Lurg,Shurkul,,Jomer,Liliya,,Hanna
Istar,Fresgil,Riverrun,Lurgonash,Shuzrag,,Joroh,Lilyamah,,Aleah
Jenssen,Fresmara,Riverwind,Luzmash,Sloobdakha,,Jucal,Lilyameh,,Jaliyah
Jervar,Freyda,Rockthrower,Maaga,Sloogolga,,Kahen,Lolann,,Antonella
Jesper,Fridda,Silvertongue,Mag,Sloomganakh,,Kai,Lorizheneh,,Aviana
Jod,Fridelja,Skullcleaver,Magrol,Sluz,,Kalad,Louda,,Cameron
Jofthor,Fridleif,Skullsplitter,Magunh,Snabgrara,,Kalbukar,Luahna,,Chelsea
Jolf,Fridrethe,Songbird,Makhoguz,Snabugha,,Kalbuur,Luala,,Cecelia
Jon,Friga,Snowcrest,Makhug,Snagara,,Kalig,Lurana,,Alia
Jorgen,Frileka,Snowhunter,Makob,Snaghusha,,Kalind,Madafa,,Mae
Joric,Frina,Snowlost,Margog,Snarataga,,Kalith,Madaima,,Cadence
Jorleif,Frirhild,Snowrider,Marzul,Snarga,,Kalmasir,Madara,,Emberly
Jorn,Frirvid,Snowtracker,Maugash,Snargara,,Kalmen,Madja,,Charley
Jurgen,Frodya,Steelhand,Maugh,Snaruga,,Kalmuzan,Madra,,Janelle
Kai,Frohilde,Sternblade,Mauhoth,Snarzikha,,Kalorter,Maereeda,,Mallory
Karl,Frunda,Stone,Mazabakh,Sneehash,,Kalrarj,Maeresha,,Kaliyah
Kibell,Fruvar,Stonecrush,Mazgro,Snilga,,Kalrzud,Maggie,,Elaine
Kjar,Frynga,Stoneheaver,Mazogug,Snoogh,,Kalvyn,Mahasti,,Gloria
Kleppr,Fugrete,Stonewalker,Megorz,Snushbesh,,Kaman,Mahata,,Jayleen
Klimmek,Fyrulde,Stormcloak,Mekag,Solgra,,Kamandi,Mahiba,,Lorelai
Knjakr,Gabbi,Stormheart,Mog,Stilga,,Kambathir,Mahrokh,,Malaysia
Knud,Gabbidi,Stormsong,Mogazgur,Stroda,,Kamdemad,Mahtab,,Bethany
Kodlak,Gamdir,Stormwall,Mogrub,Stuga,,Kamid,Mahuza,,Briana
Kodrir,Gamlunda,Strongsword,Mokhrul,Stughrush,,Kamiran,Maila,,Beatrice
Korir,Garfrost,Sunfeather,Mokhul,Tamozag,,Kamrazan,Maj,,Dorothy
Kottir,Garri,Tanner,Molozu,Theg,,Kamzehdi,Maja,,Rosie
Kraldar,Garrimar,theAmusing,Monru,Thegbesh,,Kamzith,Majdawa,,Jemma
Kust,Garvilda,theAncient,Morborgol,Thegshakul,,Kardudir,Majdeema,,Noa
Kvenel,Geidir,theAngry,Morbrogug,Thegshalash,,Kardyn,Majhasur,,Carly
Kyr,Geinarre,theArcher,Mordrog,Theshaga,,Karif,Makar,,Mariam
Lars,Geirilda,theBaker,Mordugul,Theshgoth,,Karun,Makela,,Anne
Leifur,Geirvarda,theBare-Footed,Mordularg,Thishnaku,,Kasal,Malakeh,,Karina
Leigelf,Gekunn,theBeggar,Morgaz,Thoga,,Kassim,Malenah,,Emmalyn
Lemkil,Gerdur,theBereft,Morgbrath,Thogra,,Kathalir,Maliah,,Ivory
Llewellyn,Gerhyld,theBlackDagger,Morlak,Thrugrak,,Kathil,Maliyah,,Ivanna
Lod,Gertrun,theBlade,Morothmash,Thugnekh,,Kathz,Malizah,,Jamie
Lodi,Gjailif,theBland,Morotub,Thulga,,Kavdarubel,Mamidah,,Kara
Lodvar,Gjaki,theBlonde,Mort,Thushleg,,Kavrahmn,Mamiyeh,,Aitana
Logrolf,Gjargrydd,theBloody,Mothozog,Torghi,,Kavsharz,Manidah,,Jayda
Lokil,Gjarma,theBooming,Muduk,Tugha,,Kavzind,Manizheh,,Justice
Lokir,Gjarmi,theBrave,Mudush,Ubzigub,,Kavzodd,Manuush,,Meredith
Lond,Gjarmiddi,theBrawny,Mugha,Udai,,Kayam,Maraya,,Briar
Lorenz,Gordjar,theBreaker,Muglugd,Ufalga,,Kayd,Marbilah,,Skyla
Lortheim,Greily,theBrittle,Mugrub,Ufgabesh,,Kaymatu,Marbita,,Khaleesi
Lund,Grelrenn,theBulky,Muhaimin,Ufgalash,,Kemaz,Mardina,,Dayana
Lygrleid,Gretga,theCaller,Mulatub,Ufgaz,,Khab,Mareesh,,Julieta
Lynoit,Grethaa,theCobbler,Mulgargh,Ufgel,,Khabzuur,Margaydeh,,Katalina
Majni,Grethveta,theCounter,Mulgu,Ufgra,,Khadshadnar,Marie,,Kendra
Markus,Gretolde,theCrone,Mulur,Uftheg,,Khadzalar,Marubel,,Oaklyn
Mathies,Gretsine,theCrude,Mulzalt,Ugarnesh,,Khafnir,Marwa,,Ashlyn
Maul,Greyga,theDull,Murdodosh,Ugduk,,Khafzajah,Marzya,,Armani
Metilius,Grida,theDurzogTrainer,Murgonak,Ugrash,,Khambua,Masahir,,Jazmin
Mikael,Grig,theFish,Murgoz,Ugrush,,Khammo,Masela,,Kyra
Miraak,Grigerda,theFleet,Murgrud,Uldushna,,Khamzar,Mashana,,Angelica
Molgrom,Grundi,theFox,Murkh,Ulg,,Kharbeff,Masiyat,,Zahra
Mralki,Grunhere,theFriendly,Murlog,Ulgush,,Khavid,Masna,,Dallas
Narfi,Grunirra,theGiant,Murukh,Ulliceta,,Khayr,Mayra,,Johanna
Nelkir,Gukirmar,theGlutton,Murzog,Ulmog,,Khemd,Mehfa,,Elliot
Niels,Gul,theGossip,Muzb,Ulsha,,Khemshur,Mehrafar,,Macy
Nikulas,Guldir,theHammer,Muzbar,Ulu,,Khemzarq,Mehrnaz,,Monroe
Nils,Gulfa,theHarvester,Muzdrulz,Ulubesh,,Khorajah,Mehry,,Kimber
Odar,Gulfreida,theHawk,Muzgalg,Uluga,,Khorbzr,Mehuna,,Henley
Odfel,Gullveig,theHeart-Thief,Muzgash,Ulukhaz,,Khorshad,Memyan,,Ari
Oengul,Gulvera,theHelpful,Muzgu,Umbaka,,Khosren,Midakah,,Karsyn
Ogmund,Gunneke,theHollow,Muzogu,Umbugbek,,Khubfumir,Midyah,,Lyanna
Olaf,Gunnijira,theHomeless,Nagoth,Umgubesh,,Khubzyat,Mihayya,,Lilian
Olfrid,Gunrietta,theHowler,Nagrul,Umutha,,Khudriran,Mihiyya,,Amalia
Ollrod,Gunthafur,theImpatient,Nahzgra,Umzolabesh,,Kiarash,Mihrawa,,Nola
Onmund,Gunthe,theImpetuous,Nahzush,Undorga,,Killon,Milta,,Dior
Orgnar,Guridda,theInk-Blooded,Nakhul,Undush,,Kintsel,Minefeh,,Aleena
Orthjolf,Gurilda,theKind,Namoroth,Undusha,,Kithald,Minuh,,Megan
Pactur,Guring,theLesser,Narazz,Unsulag,,Kokab,Mirina,,Michaela
Raerek,Gurkild,theLong-Watcher,Nargbagorn,Uratag,,Kottiq,Miriya,,Amirah
Ragnar,Gyda,theLost,Narhag,Urbalash,,Kourazir,Mirva,,Cassandra
Ralof,Hadarre,theLoud,Narkhagikh,Urbutha,,Kouros,Mizaida,,Melany
Ranmir,Hafvira,theMadAlchemist,Narkhozikh,Urbzag,,Lakhim,Mizareh,,Legacy
Rargal,Haki,theMagnificent,Narkhukulg,Urdboga,,Lakuzh,Mizrayda,,Reyna
Reves,Hakida,theMaul,Narkularz,Urgarlag,,Lanelan,Monsashana,,Alma
Rhorlak,Hakra,theMerciless,Narzba,Urshra,,Lanrian,Monsayeh,,Emmie
Rigel,Halbora,theMoneylender,Nash,Uruka,,Lantoine,Monya,,Melina
Rissing,Hali,theMule,Nashruth,Urzikh,,Laqshua,Morissa,,Siena
Rogen,Hallfrida,theMysterious,Nenesh,Urzula,,Latelan,Moyaltha,,Priscilla
Roggi,Halmaera,theNewGuy,Norgol,Urzutha,,Lathahim,Mozhdeh,,Ashlynn
Roggvir,Haltafi,thePeddler,Nugok,Usha,,Lathdahan,Mozhdinah,,Savanna
Rolff,Halva,thePlain,Nugwugg,Ushaga,,Lathdanvir,Mozhenie,,Sloan
Rorik,Hama,thePleased,Nunkuk,Ushenat,,Lathdur,Muazona,,Tiana
Rorlund,Hanana,thePrecise,Obdeg,Ushruka,,Latif,Muheh,,Aubrie
Rundi,Hanmaer,theQuiet,Obgol,Ushuta,,Lebat,Muhmeylah,,Coraline
Rustleif,Hannikke,theRatmaster,Obgurob,Ushutha,,Lewand,Mulaha,,Reina
Sabjorn,Hannir,theRavager,Obrash,Uthik,,Lidenar,Mulimah,,Allyson
Saerlund,Hannura,theScalecaller,Ofglog,Uzka,,Limdathir,Munya,,Kaydence
Sibbi,Hautgerd,theSilent,Ogmash,Vosh,,Lithok,Mura,,Sasha
Siddgeir,Hauti,theSkald-King,Ogodosh,Vumnish,,Lomaron,Nabeenim,,Julie
Sifnar,Hedgirde,theSlow,Ogog,Vush,,Loqman,Nadafa,,Alexia
Sigaar,Hedrynne,theSluggish,Ogorosh,Vusha,,Luqman,Nadira,,Irene
Sigar,Hedstild,theSongbird,Ogozod,Yagrigbesh,,Machael,Nadofah,,Marilyn
Sigurd,Heggidi,theSoutherner,Ogruk,Yakhu,,Machouz,Nadwa,,Greta
Sild,Heggvir,theSnow-Owl,Ogularz,Yarlak,,Maeel,Nadya,,Braelyn
Sinding,Heiruna,theStalwart,Ogumalg,Yarulorz,,Mahadal,Nafefta,,Emerie
Sinmir,Hel,theStrong,Ogzar,Yashurah,,Mahawan,Nafobia,,Lylah
Sirgar,Helfhild,theStrong-Arm,Ogzor,Yatanakh,,Mahbood,Nagluneh,,Nalani
Skaggi,Helgana,theStout,Okrat,Yatava,,Mahbub,Nahirah,,Monica
Skald,Helgith,theStump,Olfim,Yatular,,Mahimdin,Nahrina,,Aileen
Skeggr,Helna,theSurgeon,Olfin,Yatzog,,Mahjid,Nahruzah,,Lauryn
Skjor,Helrytta,theSwift,Olfrig,Yazara,,Mahrahdr,Nahsirih,,Anahi
Skuli,Helsi,theSwiftblade,Olgol,Yazbava,,Majb,Naifa,,Aurelia
Skulnar,Helunda,theTall,Olugush,Yazga,,Majdazh,Naifineh,,Kassidy
Skulvar,Hengeki,theThin-Boned,Ontogu,Yazgruga,,Majhoub,Nala,,Rayna
Snilf,Herdora,theTrader,Oodeg,Yazoga,,Majid,Nalannah,,Romina
Snilling,Hergarda,theTrim,Oodegu,Zaag,,Makdodd,Naliara,,Lillie
Snorreid,Hethminda,theTuneful,Oogron,Zagla,,Makhayh,Namasah,,Marie
Sogrlaf,Hidaver,theVile,Oorg,Zagula,,Makrakah,Namsah,,Rosa
Solaf,Hil,theWild-Eyed,Oorgurn,Zazsha,,Maleel,Nanani,,Saige
Stalf,Hildegard,theWit,Oorlug,Zelguma,,Malik,Nanza,,Bonnie
Steirod,Hildessa,theWretch,Oosh,Zubesha,,Malumah,Narayun,,Kelly
Stenvar,Hildyva,Thickmane,Opgog,Zugh,,Mamdahan,Nari,,Xiomara
Stig,Hilka,Thirdborn,Ordooth,Zuugarz,,Mamhua,Narine,,Annabella
Styrr,Hilvira,Thon,Orgak,Zuugozag,,Mamir,Nasibin,,Avah
Sulvar,Himarit,Titanborn,Orgdragog,Zuuthag,,Mansour,Naslan,,Lacey
Svaknir,Himela,Tombskald,Orgdugrash,Zuuthusha,,Maradem,Nasmat,,Anya
Sven,Hingrid,Veer,Orgotash,Lugash,,Mareh,Navbizhar,,Liberty
Talsgar,Hishga,Vol,Orgush,Murzog,,Marghrub,Nayyer,,Karen
Thadgeir,Hjaga,Voljar,Orntosh,Shagdurz,,Marimah,Nazaneen,,Mercy
Thaer,Hjagir,Waterwalker,Orzbara,Urzoga,,Marodeen,Nazila,,Zelda
Thalin,Hjagmoda,Windbite,Orzuk,Mazgar,,Marsim,Nazmi,,Baylee
Thjollod,Hjalari,Windcatcher,Osgrikh,Voltha,,Maruf,Nazrajah,,Chaya
Thonar,Hjalif,Windrime,Osgulug,,,Masbayat,Neena,,Kenna
Thongvor,Hjara,Windworn,Othbug,,,Masbeshir,Neenia,,Roselyn
Thonjolf,Hjaralda,Winterblade,Othigu,,,Masdath,Neesa,,Liv
Thonnir,Hjarda,Winterbourne,Othogor,,,Mathalzayan,Negheen,,Mara
Thorald,Hjarfi,Wintermist,Othohoth,,,Mathim,Nemina,,Ensley
Thorek,Hjargredda,Wormfather,Otholug,,,Mathon,Nenwirah,,Malani
Thoring,Hjargret,Wraithbane,Othukul,,,Maujad,Neshtat,,Malaya
Thorygg,Hjelda,Cold-Eye,Othulg,,,Mavvok,Nesrin,,Hadassah
Thorgar,Hjolbel,Gray-Sky,Othzog,,,Mazada,Niha,,Lyra
Thrynn,Hjolvara,Cold-Moon,Ozor,,,Mazaluhad,Niloufar,,Adley
Tolan,Hjorga,Earth-Turner,Pergol,,,Mazar,Nilu,,Galilea
Tolfdir,Hjorrenn,Snow-Bourne,Putor,,,Mazdaq,Nimaima,,Jaylah
Torbjorn,Hjotild,Snow-Hair,Rablarz,,,Mazhuz,Nirifa,,Karla
Torolf,Hjotund,Banner-Torn,Ragbul,,,Maziar,Niruzheh,,Nala
Torsten,Hlakana,Frost-Tree,Ragbur,,,Mazra,Nisha,,Opal
Torvar,Hloelott,Ice-Heart,Ragnast,,,Mazrahil,Nisira,,Aliza
Torygg,Hloenor,Oaken-Hull,Ramash,,,Mazzeb,Nithea,,Milena
Trilf,Hloke,Snow-Mane,Ramazbur,,,Mehdbeq,Nithena,,Ailani
Tsun,Hlokela,War-Wolf,Ramorgol,,,Mehdze,Nithleen,,Louisa
Tulvur,Hlotild,Wood-Hewer,Ramosh,,,Mehrab,Niyaneh,,Mina
Ulfberth,Hodyette,Antler-Fur,Razgor,,,Mehraq,Niyoush,,Kairi
Ulfgar,Hola,Axe-Bearer,Razgugul,,,Mehrzad,Noushafar,,Clementine
Ulfr,Holdilf,Bear-Master,Razgurug,,,Meriq,Noushin,,Louise
Ulfric,Holsin,Black-Briar,Rhosh,,,Merric,Numaheh,,Maleah
Unmid,Hostia,Blue-Sky,Rogbum,,,Meshouz,Nuwarrah,,Janiyah
Vald,Hraerfja,Deep-Shade,Rognar,,,Midrarj,Nuzah,,Marina
Valdar,Hranasgi,Elf-Speaker,Rogrug,,,Midras,Nuzara,,Anika
Valdimar,Hranir,Giant-Slayer,Rogurog,,,Midrasud,Nuzhimeh,,Julissa
Valdr,Hranura,Hairy-Legs,Roguzog,,,Miharaz,Nyronie,,Bailee
Vanik,Hrarlief,Hard-Heart,Rokaug,,,Mihrif,Oiarah,,Hayley
Vekel,Hrasvard,Ice-Storm,Rokut,,,Mihufeh,Olduzah,,Jessie
Verner,Hrefgerda,Lake-Heart,Roog,,,Mirasal,Olena,,Laney
Vidgrod,Hreifryd,Snow-Shod,Rooghub,,,Mirdamir,Olerah,,Eileen
Viding,Hridi,Soft-Loam,Rooglag,,,Mirzad,Oleta,,Faye
Vidrald,Hroi,Steel-Fist,Rorburz,,,Mirzid,Orizira,,Kynlee
Vignar,Hroja,Steel-Wind,Rozag,,,Mizbawaz,Orkideh,,Tiffany
Vilkas,Hrolda,All-Friend,Rugdugbash,,,Mizdabih,Orlsheh,,Lara
Vilod,Hrorleid,Axe-Beak,Rugdrulz,,,Mizhan,Oufa,,Angie
Vipir,Hrosaa,Axe-Head,Rugmeg,,,Mizibarun,Parastush,,Joelle
Virkmund,Hrosta,Battle-Weary,Ruzgrol,,,Monar,Parvaia,,Rhea
Volk,Hrot,Bear-Walker,Sgagul,,,Monat,Parvana,,Calliope
Vorstag,Hrotreid,Bird-Singer,Sgagunh,,,Muahdi,Parvaneh,,Jazmine
Vulwulf,Huki,Black-Bear,Sgolag,,,Muazel,Parveeya,,Amani
Wilhelm,Huleida,Black-Kettle,Shab,,,Mubdanath,Penwe,,Haylee
Wilmuth,Huolde,Black-Owl,Shagol,,,Mubdi,Perah,,Aliana
Wulfgar,Hyava,Blade-Bard,Shagrod,,,Mubshabar,Perinazh,,Leyla
Wuunferth,Hyfta,Blood-Drift,Shakh,,,Muhay,Perridah,,Jolie
Yngvar,Hylga,Blue-Sky,Shakharg,,,Mujwadeen,Pharikeh,,Kinslee
Yrsarald,Hyunda,Broken-Sword,Shakhighu,,,Mukhul,Punesheh,,Ryann
Ade,Idela,Broom-Lover,Shamagug,,,Mulham,Qadeeda,,Simone
Barid,Idesa,Cat-Slayer,Shamar,,,Mureesh,Qadrima,,Milan
Bronvid,Idirfa,Chill-Owl,Shamlakh,,,Muruuna,Qanyin,,Lennox
Connor,Idona,Chow-Master,Shargarkh,,,Mushgah,Qara,,Treasure
Ergrod,Idvir,Clod-Kicker,Shargunh,,,Myame,Qarafa,,Alora
Fjar,Ig,Cold-Raven,Sharkagub,,,Nabar,Qasna,,Ellis
Gjudir,Igeke,Corpse-Caller,Sharkuzog,,,Nabdanir,Qasneta,,Rebekah
Hald,Ilfete,Crag-Carver,Sharnag,,,Nabeenam,Qasnizara,,Mikaela
Harnskar,Ilflynn,Crow-Song,Shogarz,,,Nabshuq,Qawi,,Lina
Hrantin,Illnorvira,Crows-Watch,Shogorn,,,Nadar,Qismah,,Harmoni
Hreilund,Imwyn,Cruel-Wind,Shugral,,,Nadim,Quarith,,Yareli
Jakalor,Ingjard,Dagger-Lost,Shukul,,,Nadshanam,Qumreh,,Giuliana
Jorygg,Ingmund,Dark-Dawn,Shulthog,,,Naeed,Qymala,,Lea
Klaandor,Ingrid,Dark-Sword,Shulug,,,Naeem,Radwa,,Harlee
Littrel,Ingritha,Draugr-Eater,Shurkol,,,Nahassar,Radwet,,Elyse
Lodiss,Inguya,Dull-Axe,Shurrog,,,Nahroon,Rahaja,,Frida
Logangar,Innanir,Dull-Blade,Skagurn,,,Nahzhem,Rahama,,Blaire
Odunn,Innbild,Fair-Hair,Skagwar,,,Naim,Rajdara,,Aya
Rogar,Innsold,Far-walker,Skalgunh,,,Najan,Ramahi,,Laurel
Ulfslod,Iosyl,Fire-Belly,Skalguth,,,Najar,Ramana,,Meghan
Adalmor,Irga,Fire-Hearth,Skarath,,,Namasur,Ramina,,Pearl
Addald,Irgeikka,Fish-Catcher,Skordo,,,Nammadin,Ramisa,,Zaylee
Addold,Irghild,Five-Blades,Skorgat,,,Namman,Ramzasa,,Alena
Addrald,Irgkya,Flat-Foot,Skreg,,,Nammokh,Ramziq,,Holland
Adelsar,Irna,Fleet-Foot,Skulzak,,,Namvar,Ranarwa,,Bria
Adjold,Irnene,Forge-Fire,Slagwug,,,Nandanath,Rania,,Rayne
Admaer,Iroda,Four-Thumbed,Slayag,,,Nandim,Rasa,,Bridget
Adord,Isrudde,Frost-Heart,Slegbash,,,Nanimir,Rasasah,,Zariyah
Adpring,Itnette,Frost-Skin,Smagbogoth,,,Nanshiq,Rasha,,Kori
Adsilding,Ittir,Frozen-Fist,Smauk,,,Naruk,Rashan,,Frankie
Advir,Ittirma,Gap-Tooth,Snabazkur,,,Narz,Rasheh,,Clarissa
Aelf,Jaddveig,Giants-Bane,Snagbash,,,Narzasir,Rashihi,,Brylee
Aelfhidil,Jadfari,God-Hater,Snagdurl,,,Nasdokh,Rashmiya,,Davina
Aelvyd,Jadvar,Gray-Fists,Snagg,,,Naseiran,Rasna,,Rivka
Aerolf,Jaedya,Gray-Tongs,Snagh,,,Navid,Rasofi,,Cynthia
Aevar,Jaema,Green-Hilt,Snakh,,,Nayvond,Rayyaima,,Zaria
Afneer,Jafelma,Half-Face,Snakzut,,,Nazd,Raza,,Madalyn
Ageran,Jaffridde,Half-Troll,Snalikh,,,Nazhin,Raziyya,,Paula
Agvar,Jaflinna,Hatchet-Hand,Snarbugag,,,Nazir,Razoufa,,Salem
Akarn,Jafola,Ice-Born,Snarbul,,,Nazz,Rena,,Amelie
Aklief,Jafrera,Ice-Breath,Snargorg,,,Nazzim,Rhina,,Madisyn
Akovor,Jafrost,Ice-Eyes,Snazumph,,,Nebezh,Riahl,,Vienna
Akvid,Jaga,Ice-Gale,Sneg,,,Nebhavar,Rida,,Haisley
Aldaug,Jakieikka,Ice-Turner,Snegbug,,,Nebuin,Rienallah,,Ainhoa
Aldferth,Jakild,Ice-Walker,Snegburgak,,,Nebzez,Risay,,Journi
Aldrig,Jakirfa,Ice-Wind,Snegh,,,Nebzezir,Ritabeth,,Karter
Alfarmuth,Jalarma,Ice-Wolf,Sneghar,,,Neeneban,Rithussah,,Oaklee
Alfgar,Jalrana,Icy-Mane,Snikhbat,,,Neviral,Riza,,Livia
Alforunn,Jand,Ire-Heart,Snoog,,,Nezirawan,Rizma,,Miley
Alfund,Janekke,Iron-Kettle,Snoorg,,,Nibar,Riza,,Adele
Algar,Jardirr,Iron-Shield,Snugar,,,Nilthin,Roheebah,,Amaia
Alldin,Jareen,Jagged-Peak,Snugok,,,Nimir,Rohefa,,Yara
Allring,Jareki,Last-Child,Snukh,,,Nimirazan,Rohzika,,Averi
Alofheim,Jaritra,Lost-Hammer,Snushbat,,,Nimshat,Romefta,,Emmeline
Alskar,Jarredda,Mad-Eye,Sogh,,,Nizayhan,Romehdi,,Kyleigh
Alofnorr,Jaskar,Mead-Drinker,Spagel,,,Nizran,Roshinah,,Princess
Alvor,Jindra,Mist-Born,Storgh,,,Noshzandar,Roshinia,,Penny
Andrei,Jodis,Net-Mender,Stugbrulz,,,Nudbahil,Roshouida,,Sariyah
Andrin,Jofgreida,Nine-Toes,Stugbulukh,,,Nudeelar,Rosmena,,Amayah
Andwulf,Joldora,No-Shirt,Szugburg,,,Nudz,Rouda,,Crystal
Angbjar,Jolinne,Oath-Breaker,Szugogroth,,,Nuzadal,Roudi,,Keyla
Angmund,Jolridda,One-Eye,Targak,,,Nuzbawir,Rozhbeh,,Lilyana
Angrar,Joraamun,Owl-Watcher,Targoth,,,Nuzud,Rozza,,Linda
Angrestag,Juda,Pine-Frost,Tazgol,,,Oanyin,Rudabeh,,Aniya
Anjuld,Julni,Quick-Feet,Tazgul,,,Ohlim,Runeh,,Marianna
Ansdurran,Jylta,Rat-Bite,Thagam,,,Ohrmarz,Runnasah,,Alaiya
Arek,Jyrwinn,Raven-Eye,Thagbruth,,,Ohrmaz,Ryeshta,,Noemi
Arkas,Kara,Raven-Hair,Thagbush,,,Onwyn,Saadifa,,Chanel
Arkasis,Karalgar,Raven-Quill,Thakaz,,,Orrun,Sabileh,,Estella
Arlof,Kari,Ravens-Beak,Thakh,,,Owynok,Sabinette,,Isabela
Aron,Katilda,Red-Beard,Thakush,,,Ozalan,Sabirah,,Jillian
Arvild,Katja,Red-Boot,Tharag,,,Padrul,Sabrilah,,Kallie
Arvnir,Katnarre,Red-Scar,Tharkul,,,Paldeen,Safa,,Ellianna
Ashvorn,Katti,Rock-Breaker,Thaz,,,Paldezh,Safia,,Elsa
Asord,Keldora,Scar-Hand,Thazeg,,,Parham,Safiyeh,,Itzayana
Asvorn,Kelgerde,Secret-Oath,Thaznog,,,Paulin,Sahar,,Zora
Atald,Kerig,Silver-Axe,Thegur,,,Pawalar,Sahba,,Estelle
Aud,Khala,Small-Hammer,Thereg,,,Payedar,Sahdabeh,,Chana
Audrelheim,Kilava,Snow-born,Tholog,,,Pehrash,Saheema,,Raina
Avulrund,Kjo,Snow-Song,Thoogh,,,Pelamar,Sahima,,Royal
Axdin,Knarri,Snow-Walker,Thorkh,,,Pennet,Sahlafa,,Sunny
Axdred,Knumar,Snow-Wing,Thorzh,,,Peyman,Saissana,,Estrella
Axrek,Knutrida,Steady-Hand,Thorzhul,,,Pharad,Saissiana,,Martha
Baissar,Koljir,Sticky-Fingers,Thrag,,,Pharbadan,Sajhadi,,Ellen
Bandor,Kora,Storm-Blade,Thragdosh,,,Pharethil,Sakaneth,,Kailey
Banthor,Korleva,Storm-Hammer,Thragdulub,,,Pharik,Salida,,Maxine
Baradin,Korra,Strong-Metal,Thragosh,,,Phazar,Salma,,Clare
Barfel,Koruni,Strong-Shield,Threg,,,Phazor,Samaha,,Teresa
Baric,Korvynn,Strong-Voice,Thrug,,,Pierjean,Samawarah,,Annika
Baring,Krasela,Sun-Hair,Thrugb,,,Pinnald,Samayna,,Kamilah
Barj,Krastir,Swift-Lift,Thrunikh,,,Pitof,Samila,,Azariah
Baro,Kyrwyn,Tent-Builder,Thukbug,,,Praldyn,Samsi,,Della
Barro,Lafka,Thick-Wrist,Thulsgreg,,,Pranak,Samya,,Addyson
Baxard,Lareika,Three-Boots,Thungdosh,,,Qabin,Sanazh,,Kai
Baxlof,Larsa,Thunder-Fury,Todrak,,,Qadim,Sandeire,,Lilianna
Baxold,Larula,Too-Bold,Togbrig,,,Qadr,Sarinne,,Tinsley
Baxrold,Leid,Troll-Spit,Tograz,,,Qadsh,Sarveeyah,,Yaritza
Beifja,Leiddrod,Twelve-Orcs,Torg,,,Qadulir,Sarvusna,,Navy
Bel,Leidela,Two-Fists,Torug,,,Qamar,Sasana,,Winnie
Belgrod,Leidven,Two-Maces,Tugam,,,Qamedim,Satahra,,Andi
Belknar,Leifly,Two-Shovels,Tugawuz,,,Qariar,Satrandra,,Kamiyah
Bellin,Leifnar,Two-Sleeves,Tumuthag,,,Qasim,Sayda,,Waverly
Belrengar,Leifunda,Wealth-Hoarder,Tungthu,,,Qasnareen,Saymimah,,Sky
Belrud,Leimaer,White-Eye,Ufthag,,,Qasr,Sefra,,Amaris
Benjor,Leofa,Wind-Hill,Ugdush,,,Qasrin,Sehlayeh,,Ramona
Berfar,Liezl,Winter-Mane,Uggnath,,,Qavus,Sehmasah,,Saoirse
Berj,Liljard,Winter-Run,Ugorz,,,Qelwez,Sermenh,,Hana
Bermund,Lilmyra,Winter-Weary,Ugron,,,Qesem,Seyran,,Judith
Bernt,Linlia,Wolf-Kin,Ugruntuk,,,Qiaran,Shadeeta,,Halle
Berrek,Linlyne,Wolf-Sister,Uguntig,,,Qubad,Shadri,,Laylah
Bervard,Linnea,Stormcloak,Ugurz,,,Qubdon,Shaffy,,Novalee
Bervid,Lis,theReady,Ulagash,,,Qumih,Shalafa,,Jaycee
Birstagg,Lisylde,theRed,Ulagug,,,Qusan,Shalayleh,,Zaniyah
Bittrid,Lorela,theSkald-King,Ulgdagorn,,,Raand,Shamea,,Alianna
Bjaron,Loria,theUnsteady,Ulghesh,,,Rabbu,Shamone,,Paulina
Bjorick,Lornor,Titanborn,Ulmamug,,,Rada,Sharbashana,,Jayde
Bjornen,Lothafi,Wraithbane,Ulozikh,,,Radan,Shardaza,,Thalia
Bjorskir,Lyn,Bog-Trotter,Umgaak,,,Radisud,Sharela,,Giovanna
Bjoruld,Lynfa,Cold-Fist,Undrigug,,,Rahaliz,Sharideh,,Gwen
Bjorynolf,Lyris,One-Eye,Undugar,,,Rahannal,Sharikeh,,Iliana
Bofesar,Lyrvekka,Three-Fingers,Ungruk,,,Raifa,Sharine,,Elora
Bolgen,Mabbritte,Far-Sighted,Unrahg,,,Rajdah,Sharyaddan,,Ezra
Bolrir,Madleena,theElder,Unthrikh,,,Rajelar,Shayaifa,,Kaylie
Borald,Madythe,theRed,Uragor,,,Rajesh,Sheedeh,,Braylee
Boren,Maela,theWhite,Urak,,,Rajmer,Shehrbah,,Mavis
Borfree,Maeri,Stormfist,Urdbug,,,Rakiin,Shelaria,,Ellison
Borjs,Maesa,Stormcrag,Urgdosh,,,Ralu,Shelmar,,Margo
Borodin,Magreta,theAshKing,Urlmarz,,,Rama,Sherizar,,Mylah
Boski,Maigarda,theBroken,Urok,,,Ramad,Sherveen,,Paisleigh
Bottdold,Malana,theCalm,Ushang,,,Ramadad,Shiri,,Analia
Bottild,Malfa,theColossus,Usn,,,Ramand,Shoukoufeh,,August
Boward,Malma,theElfkiller,Ushdag,,,Ramati,Shuhasa,,Brittany
Bragur,Mareki,theFat,Usnagikh,,,Raminad,Sima,,Kaisley
Branalf,Marga,theFrenzied,Uugus,,,Ramza,Sinfay,,Belen
Brandling,Margot,theGiant,Uulgarg,,,Rasul,Sionen,,Promise
Brauti,Margretha,theGifted,Uuth,,,Ratib,Sirali,,Amiya
Braxek,Marla,theGreater,Uznom,,,Rawan,Sorayeh,,Dalary
Braxhard,Maveld,Greycloak,Vargos,,,Rayyan,Sorme,,Veda
Bredin,Mawine,theHeavy,Vregaak,,,Razhab,Soteras,,Alisson
Bredrek,Maylde,Helmbolg,Vulmon,,,Razin,Strigidae,,Keilani
Bren,Medild,theKnife,Vundrum,,,Razul,Sudia,,Oakleigh
Brend,Medveig,theLarge,Vunp,,,Razzamin,Suhsola,,Guadalupe
Brendar,Meggarda,theLong-Sighted,Waghuth,,,Razzaq,Sulima,,Leanna
Brendngul,Megvarda,Magnessen,Wardush,,,Rellus,Sulma,,Rosalyn
Brendravald,Melda,Merkiller,Wort,,,Renazh,Sumariqah,,Selene
Brigvar,Meldagar,theOutlaw,Wuzgu,,,Rensh,Sundurah,,Theodora
Broki,Melora,ofthePiercingEyes,Yagarg,,,Rhabdanam,Tafa,,Kamari
Bron,Mera,oftheRiver,Yagorkh,,,Rhadreel,Tahirah,,Anais
Brondold,Merfa,theScribe,Yagramak,,,Rhadshathir,Tahla,,Elodie
Broning,Merfnovira,theSmiler,Yagut,,,Rhanald,Talia,,Celia
Bronorr,Mergarda,Starkad,Yakegg,,,Rhanbiq,Talumineh,,Dani
Bruik,Merthida,theStone,Yamukuz,,,Rhanon,Tamaima,,Hunter
Brun,Mervynne,theTiny,Yargob,,,Rhanul,Taniah,,Indie
Brunelf,Mistja,theUnfaithful,Yargonk,,,Rhemalu,Tannazh,,Kenia
Brunog,Mjolen,theUnminded,Yarnabakh,,,Rihad,Tannida,,Nellie
Brus,Molana,theUnmentioned,Yarnag,,,Rislak,Tanyanta,,Belle
Budolen,Molla,theWalker,Yarulg,,,Robhemad,Taqiyat,,Kataleya
Buram,Molura,theWithdrawn,Yarzrobal,,,Robiwar,Tarafa,,Lexie
Burd,Mornhilde,Wulfharth,Yat,,,Roccan,Taranneh,,Miah
Burdlam,Morryn,theYellow,Yatog,,,Rodoro,Tarinah,,Rylan
Burdog,Nadya,theYounger,Yggnast,,,Roshan,Tariyeh,,Sylvie
Burj,Naer,Anvil-Hand,Yggoz,,,Runid,Tavofi,,Valery
Burl,Narana,Axe-Bearer,Yggruk,,,Sabal,Tavrina,,Addilynn
Buron,Narvilda,Bear-Skinner,Yggurz,,,Sabazh,Tavriya,,Dulce
Carth,Nelfhild,Bronze-Helm,Yozth,,,Sabhell,Tavyelia,,Marissa
Cord,Nelfthea,Cloud-Seeker,Yzzgol,,,Sabir,Tenvi,,Meilani
Dagard,Nelgarde,Crossed-Daggers,Zagh,,,Sabur,Terga,,Natasha
Dagimar,Nelhilda,Early-Beard,Zaghurbak,,,Sadben,Terina,,Jaylee
Dagnir,Nelmryn,Flame-Hair,Zagrakh,,,Sadeq,Thalia,,Kimora
Dagrund,Nettanir,Free-Winter,Zagrugh,,,Sadzah,Tharayya,,Raquel
Dagusil,Nettira,Ghost-Bear,Zbulg,,,Sagabar,Tharlas,,Scarlette
Dahfnar,Nikaolde,Green-Hand,Zegol,,,Sahabih,Thelmar,,Aliya
Dalen,Nikolvara,Grey-Heart,Zgog,,,Sahadr,Thuyya,,Nataly
Dar,Ninetha,Hammer-Back,Zhagush,,,Sahayan,Tiela,,Whitney
Daric,Njoll,Hand-Free,Zhasim,,,Sahil,Tiria,,Corinne
Darfal,Norra,Horse-Breaker,Zhosh,,,Sahlar,Tirrassa,,Denver
Darj,Nurnhilde,Ice-Light,Zilbash,,,Sahledir,Tizah,,Nathalie
Darynn,Obetta,Iron-Head,Zogbag,,,Sahmar,Tomaka,,Kiera
Dedalor,Oda,Long-Nose,Zosh,,,Sahpur,Tonleen,,Milana
Denskar,Odana,Lute-Voice,Zugnor,,,Sai,Toubeh,,Vada
Devbarth,Odela,Much-Bloodied,Zulbash,,,Sakh,Toura,,Violeta
Didywyr,Odlynd,Nail-Face,Zulbek,,,Salamal,Tourima,,Luz
Dogun,Odvar,Oaken-Heart,Zulgozu,,,Sali'ma,Trava,,Addisyn
Dorbin,Odvild,Oaken-Wand,Zulgroth,,,Salmaran,Travofia,,Casey
Dralof,Okkhild,Round-Gut,Zulgukh,,,Salyar,Trevvy,,Deborah
Drathak,Okula,Shadow-Cloak,Zulohoth,,,Salyazh,Ubabmah,,Tori
Dratholar,Oldura,Snow-Strider,Zumog,,,Sameer,Ubdani,,Zainab
Drendor,Olfjarda,Stone-Singer,Zungarg,,,Samemad,Ubra,,Erika
Droi,Olfrid,Storm-Killer,Zunlog,,,Samhudah,Udazada,,Jenesis
Drokagir,Olfwenn,Thrice-Versed,Zurgrol,,,Samuur,Udazata,,Avalynn
Drorunn,Olwenna,Two-Hammers,Garzul,,,Sargon,Umisarah,,Nancy
Eboric,Onda,White-Beard,Ghorkul,,,Sartaj,Uranonni,,Emmalynn
Edjar,Ophalia,White-Eye,Murbak,,,Saryeh,Ursyvyra,,Hadlee
Efnort,Ophanta,White-Wave,Sharolg,,,Seqbar,Usralia,,Heavenly
Eifbrir,Oranir,Winter-Fist,Ugduk,,,Seral,Usraya,,Aubrielle
Eiman,Orguerite,Wolf-Child,Garnag,,,Serosh,Vadeshta,,Elisabeth
Eimander,Orla,Wolf-Heart,Rogthun,,,Shabahz,Vandeh,,Salma
Eislef,Ormi,Wolf-Runner,Bashnag,,,Shabeh,Velaman,,Adalee
Eistaag,Orolo,Worm-Heart,Godrun,,,Shabhehm,Vena,,Landry
Eldfyr,Osanne,,Gudrig,,,Shadhuzir,Waqar,,Malayah
Elsar,Otdis,,Gushagub,,,Shahid,Wardina,,Novah
Emstagg,Othora,,Joun,,,Shalan,Wardiya,,Egypt
Erik,Othvild,,Kurog,,,Shalazad,Wiya,,Ayleen
Erikar,Otried,,Loghorz,,,Shalim,Xhemsheh,,Blessing
Erlgald,Ottaesa,,Urmuk,,,Shamir,Yadilah,,Elina
Erlnorr,Pacta,,Durgob,,,Shammin,Yanajah,,Joyce
Erlrek,Piet,,Grul,,,Shamn,Yanath,,Myah
Erning,Raeirfa,,Mog,,,Sharokeen,Yarah,,Zoie
Esling,Raena,,Nargi,,,Sharz,Yarana,,Christine
Euthar,Raerana,,Othmash,,,Sharzahir,Yardileh,,Jaelynn
Faer,Raevild,,Ramolg,,,Shazeem,Yasamaneh,,Persephone
Fafmeskr,Ragna,,Shelakh,,,Shellus,Yeganeh,,Chandler
Fafnyr,Ragria,,Uzgakh,,,Sihadid,Yiralai,,Emmaline
Faled,Raki,,,,,Siraj,Yisareh,,Paloma
Falfinar,Rakiel,,,,,Sivash,Yisraza,,Harleigh
Falsorr,Rangbarda,,,,,Skeevers,Yisroufah,,Noor
Fargord,Rena,,,,,Sohrab,Zafira,,Paola
Fargurd,Rannveig,,,,,Sohraq,Zahideh,,India
Farisel,Reja,,,,,Sorhab,Zahimah,,Madalynn
Farro,Rennbjara,,,,,Stanno,Zahreh,,Rosalee
Feluf,Rennilde,,,,,Sternal,Zainabah,,Florence
Fenjor,Renrytte,,,,,Sud-Hareem,Zairana,,Maliah
Fenorfar,Resrytte,,,,,Sukelan,Zakazha,,Flora
Fenrar,Restla,,,,,Sukhidir,Zakma,,Luella
Fenrir,Reybyt,,,,,Sulim,Zakriah,,Patricia
Fens,Rhainne,,,,,Suram,Zalwa,,Whitley
Filand,Rinda,,,,,Suramin,Zarala,,Carolyn
Fildgor,Robjorn,,,,,Syron,Zarida,,Kathleen
Fingrit,Rogrydda,,,,,Tabar,Zariya,,Keily
Fjagus,Roki,,,,,Taheer,Zarrineh,,Kiana
Fjorstigg,Rokrya,,,,,Taher,Zayya,,Tenley
Forbrand,Rola,,,,,Talian,Zeila,,Alyson
Frahjan,Rolara,,,,,Tahur,Zeira,,Barbara
Frod,Rosirma,,,,,Tahzim,Zeta,,Dana
Frongeir,Rosrytta,,,,,Talian,Zhileh,,Yasmin
Frongrif,Roxwinne,,,,,Talrahal,Zibeh,,Bexley
Frongrir,Rudagalfa,,,,,Talumaseb,Zimaneh,,Micah
Fronjolf,Rudgreid,,,,,Taman,Zineah,,Tatiana
Frorkand,Runaki,,,,,Tamandar,Zohreh,,Arden
Fuldir,Runehild,,,,,Tamarik,Zorafar,,Aubriella
Fulgof,Sas,,,,,Tamij,Zorallah,,Lindsey
Fultknir,Sasbekke,,,,,Taminal,Zoufar,,Emani
Fultring,Seirida,,,,,Tanek,Zulee,,Hailee
Gaddan,Selma,,,,,Tarabar,Zylle,,Lisa
Gadodar,Sernea,,,,,Taranal,Taviah,,Sevyn
Gadof,Sevida,,,,,Taren,Barahar,,Fallon
Gadrenor,Shana,,,,,Tarish-Zi,Delia,,Magdalena
Gakar,Shannia,,,,,Tarjal,Hecua,,Tinley
Gakurek,Shawna,,,,,Tavaid,Lakana,,Halo
Galmal,Sigrid,,,,,Tawfiq,Radhasa,,Lailah
Galmar,Sigva,,,,,Tazhalar,Sariah,,Arlette
Galuf,Silgrett,,,,,Temen,Azadiyeh,,Ansley
Gamirth,Siriaki,,,,,Temir,Cegila,,Esperanza
Gamwyn,Sirimunda,,,,,Temzukar,Corda,,Cleo
Ganariss,Sirkidur,,,,,Teqhan,Haballa,,Aila
Gandis,Sislea,,,,,Thadret,Hafseta,,Emerald
Ganeryk,Sisrytta,,,,,Thahisal,Julia,,Jaelyn
Ganord,Sivgrete,,,,,Thaleft,Kati,,Karlee
Gar,Sivguna,,,,,Tharwab,Makela,,Kaya
Gardalgar,Sjarakki,,,,,Thedrus,Memyireh,,Ingrid
Garmal,Sjarla,,,,,Thoda,Patia,,Jewel
Garm,Skaldara,,,,,Timen,Perizada,,Emilee
Garmar,Skjor,,,,,Tohrad,Rijja,,Giana
Garneld,Slasif,,,,,Tohrz,Zell,,Paityn
Gathotar,Slatild,,,,,Tohrzh,,,Zola
Gauldur,Slonanir,,,,,Tordaman,,,Amoura
Geford,Slonn,,,,,Torson,,,Renee
Gefur,Snaeke,,,,,Trayard,,,Ann
Geilund,Sofnete,,,,,Trelan,,,Berkley
Gekurek,Soki,,,,,Turaman,,,Harriet
Gell,Solding,,,,,Ubay,,,Queen
Gellhidil,Sondi,,,,,Ubhasad,,,Sariah
Ger,Songar,,,,,Ubkhawan,,,Beatrix
Gerring,Songdis,,,,,Ubrabih,,,Sandra
Gerrunn,Sonolia,,,,,Udhush,,,Alannah
Gerval,Sonya,,,,,Udwur,,,Austyn
Gesfur,Soralfa,,,,,Ufa,,,Freyja
Gesrel,Steirid,,,,,Uhrih,,,Kaylin
Gethmard,Stodlod,,,,,Ulbazar,,,Samira
Ghain,Stodrir,,,,,Uld,,,Taliyah
Girunn,Storbarda,,,,,Uldedir,,,Hadleigh
Gjakerth,Suretta,,,,,Umay,,,Kaiya
Gjakil,Suwenna,,,,,Umeen,,,Robin
Gjalder,Svana,,,,,Unar,,,Luisa
Gjalrunn,Svanhildr,,,,,Urbdawash,,,Zendaya
Gjogni,Svargret,,,,,Uthmal,,,Ariadne
Gjorring,Svari,,,,,Uwafa,,,Dixie
Gjoson,Svaritra,,,,,Varnas,,,
Gjudusil,Svarjarda,,,,,Varnedo,,,
Gloth,Svarlyn,,,,,Varshab,,,
Gogondar,Sverana,,,,,Varuhl,,,
Gogrolf,Sverke,,,,,Veraan,,,
Gogvir,Svilda,,,,,Vharer,,,
Goharth,Swangar,,,,,Vhos,,,
Gollgarth,Syl,,,,,Virdyn,,,
Gomriss,Tela,,,,,Vishaf,,,
Gomund,Temgrid,,,,,Wafasur,,,
Goren,Thagarte,,,,,Wakan,,,
Gorisin,Thalda,,,,,Wakil,,,
Gorm,Thalwyn,,,,,Walik,,,
Gortgryf,Thastla,,,,,Wallavir,,,
Gorvald,Thelfreca,,,,,Wallen,,,
Grimder,Theofa,,,,,Waqayar,,,
Grimissar,Theonette,,,,,Waylamud,,,
Griskild,Theoria,,,,,Wildur,,,
Groken,Thogalda,,,,,Winral,,,
Gromjolf,Thogana,,,,,Xakhwan,,,
Grundskar,Thoggrytte,,,,,Xavier,,,
Grundwulf,Thondir,,,,,Xhemgir,,,
Gud,Thonja,,,,,Yabhad,,,
Gudaric,Thonki,,,,,Yadhah,,,
Gudgar,Thonlynn,,,,,Yadugar,,,
Gudomar,Thoreki,,,,,Yagdar,,,
Gugnar,Thorfa,,,,,Yahyif,,,
Gugnir,Thorka,,,,,Yanul,,,
Gunar,Thorkar,,,,,Yashamud,,,
Gundarsting,Thorwyn,,,,,Yashar,,,
Gungrim,Thronoda,,,,,Yashua,,,
Gunskjar,Thvidi,,,,,Yata,,,
Gunthing,Tidave,,,,,Yehkbiq,,,
Guraf,Tidbrosti,,,,,Yeqdah,,,
Guram,Tidvir,,,,,Yncan,,,
Gurund,Tillaki,,,,,Yombira,,,
Hadkyr,Tillrani,,,,,Yonal,,,
Hadlin,Tilwen,,,,,Yonul,,,
Hadmal,Tiredir,,,,,Youss,,,
Hadmar,Tirlarnar,,,,,Youssad,,,
Hadring,Tirora,,,,,Yumanam,,,
Hadriss,Todimar,,,,,Yumaref,,,
Hafkyr,Toldi,,,,,Yvander,,,
Hafric,Tolfalki,,,,,Zabendan,,,
Hafskjar,Tolfari,,,,,Zabeth,,,
Hagridden,Tolfrika,,,,,Zafrik,,,
Hak,Tolgredda,,,,,Zagari,,,
Hakgrym,Tolli,,,,,Zagrezh,,,
Hakr,Toryl,,,,,Zahezub,,,
Hakstar,Tranya,,,,,Zakadar,,,
Haldric,Tridi,,,,,Zakavit,,,
Halskar,Trigrid,,,,,Zakhal,,,
Halyen,Trihild,,,,,Zakhaleh,,,
Hamar,Triirma,,,,,Zalan,,,
Hamvir,Triveta,,,,,Zalbec,,,
Haraldar,Triwenna,,,,,Zamnell,,,
Harik,Troki,,,,,Zamyad,,,
Harkskar,Troulda,,,,,Zandim,,,
Harmild,Trynhild,,,,,Zanyar,,,
Harnald,Tyrnea,,,,,Zartosht,,,
Harnwulf,Tyrvera,,,,,Zawah,,,
Harvald,Ulfra,,,,,Zayouduf,,,
Harvni,Ulfsild,,,,,Zenul,,,
Hasadif,Ursvette,,,,,Zerdesht,,,
Hasgenr,Vaer,,,,,Zerh,,,
Hatunn,Vaerarre,,,,,Zerzhan,,,
Hauting,Vaereid,,,,,Zhubin,,,
Hautring,Vaetreta,,,,,Zihlijdel,,,
Hautt,Valdia,,,,,Zilu,,,
Havil,Valgritta,,,,,Zimar,,,
Hectur,Valinka,,,,,Zir,,,
Hedstagg,Vaoldelf,,,,,Zirumir,,,
Hegris,Vareda,,,,,Ziyad,,,
Heknorr,Varhilda,,,,,Zuladr,,,
Helfana,Vari,,,,,Zulfan,,,
Helthar,Veranir,,,,,Boldekh,,,
Hemgar,Vidda,,,,,Fahara'jad,,,
Hemjak,Vig,,,,,Namasur,,,
Henrigg,Viglir,,,,,Uwafa,,,
Henrik,Vigrida,,,,,Wisr-al-Maeen,,,
Hermrek,Vigwenn,,,,,Aaban,,,
Hernik,Vigya,,,,,Abdul-Mujib,,,
Hervod,Viri,,,,,Afa-Saryat,,,
Hialmor,Virmar,,,,,Akamon,,,
Hilglund,Virngring,,,,,Arthago,,,
Hirmond,Viveka,,,,,Cirroc,,,
Hjalling,Voddreid,,,,,Derik,,,
Hjarkulf,Vori,,,,,Destri,,,
Hjarl,Voria,,,,,Divad,,,
Hjarnam,Vothing,,,,,Frandar,,,
Hjoag,Watha,,,,,Hallin,,,
Hjognar,Winfred,,,,,Hubalajad,,,
Hjolard,Yiri,,,,,Kalam,,,
Hjolfrod,Yllolda,,,,,Mamireh,,,
Hjolm,Ylsi,,,,,RaAbah,,,
Hjolt,Yngmaer,,,,,RaBoshek,,,
Hjord,Yorda,,,,,RaHasar,,,
Hjorik,Yrkvild,,,,,RaHuzar,,,
Hjorvil,Yrna,,,,,Rada,,,
Hjurring,Yrning,,,,,Rajmahar,,,
Hjurrun,Yrsild,,,,,Razul,,,
Hlogling,Yrsrytt,,,,,Rok'dun,,,
Hoagding,Yrssteir,,,,,Roshadon,,,
Hodmar,Ysrudde,,,,,Sameq,,,
Hofgrad,Zaan,,,,,Thassad,,,
Hogfinn,Ingjard,,,,,Volag,,,
Hoggvir,Lyris,,,,,Yaghoub,,,
Hogondar,Mera,,,,,Zakhin,,,
Hojard,Froa,,,,,,,,
Hokfyr,Britte,,,,,,,,
Hokmal,Finna,,,,,,,,
Hoknir,Freida,,,,,,,,
Hokurek,Frilgeth,,,,,,,,
Hokusil,Fredo,,,,,,,,
Holgrim,Fjotli,,,,,,,,
Holgunn,Friga,,,,,,,,
Holguss,Freydis,,,,,,,,
Hollow-Leg,Froda,,,,,,,,
Holsgar,Greyf,,,,,,,,
Holsorr,Grosta,,,,,,,,
Holstagg,Grunilda,,,,,,,,
Holvur,Hela,,,,,,,,
Hondulf,Helgi,,,,,,,,
Honrid,Helgreir,,,,,,,,
Honththyr,Inga,,,,,,,,
Hordrek,Jofrior,,,,,,,,
Horgrif,Katisha,,,,,,,,
Horming,Koralla,,,,,,,,
Horst,Liesl,,,,,,,,
Hraelgar,Lilija,,,,,,,,
Hraldi,Mabjaarn,,,,,,,,
Hramdin,Macalla,,,,,,,,
Hrofgen,Macke,,,,,,,,
Hrogar,Nette,,,,,,,,
Hroggi,Nurnhilde,,,,,,,,
Hrolfgald,Ogra,,,,,,,,
Hrolt,Reyda,,,,,,,,
Hrolvar,Sorga,,,,,,,,
Hrolvir,Vunhilde,,,,,,,,
Hrondar,,,,,,,,,
Hronolf,,,,,,,,,
Hrordulf,,,,,,,,,
Hrunvatr,,,,,,,,,
Hulfid,,,,,,,,,
Hunrand,,,,,,,,,
Huroufar,,,,,,,,,
Hyg,,,,,,,,,
Idaug,,,,,,,,,
Idofrid,,,,,,,,,
Idrisin,,,,,,,,,
Idryk,,,,,,,,,
Iflin,,,,,,,,,
Ifmor,,,,,,,,,
Ifuss,,,,,,,,,
Igeford,,,,,,,,,
Iglund,,,,,,,,,
Ingfred,,,,,,,,,
Ingurt,,,,,,,,,
Innarrek,,,,,,,,,
Inngyrr,,,,,,,,,
Innraek,,,,,,,,,
Irbjar,,,,,,,,,
Irg,,,,,,,,,
Irgnar,,,,,,,,,
Irnskar,,,,,,,,,
Irth,,,,,,,,,
Irthak,,,,,,,,,
Irthor,,,,,,,,,
Irthrig,,,,,,,,,
Isdrid,,,,,,,,,
Isonir,,,,,,,,,
Israk,,,,,,,,,
Istler,,,,,,,,,
Itman,,,,,,,,,
Ivandi,,,,,,,,,
Jagyr,,,,,,,,,
Jakaral,,,,,,,,,
Jaknir,,,,,,,,,
Jaluud,,,,,,,,,
Jarning,,,,,,,,,
Jegg,,,,,,,,,
Jeggi,,,,,,,,,
Jeggming,,,,,,,,,
Jeggord,,,,,,,,,
Jeggrich,,,,,,,,,
Jegnorr,,,,,,,,,
Jemaar,,,,,,,,,
Jemalsorr,,,,,,,,,
Jending,,,,,,,,,
Jofarr,,,,,,,,,
Jofnir,,,,,,,,,
Jofstrom,,,,,,,,,
Jofvarr,,,,,,,,,
Jofvid,,,,,,,,,
Jokorn,,,,,,,,,
Jolfr,,,,,,,,,
Jomarr,,,,,,,,,
Jomathak,,,,,,,,,
Jomund,,,,,,,,,
Joneif,,,,,,,,,
Jonndir,,,,,,,,,
Jorald,,,,,,,,,
Jorckleif,,,,,,,,,
Jorckyld,,,,,,,,,
Jordunn,,,,,,,,,
Joreld,,,,,,,,,
Jorn,,,,,,,,,
Jorunn,,,,,,,,,
Jothorygg,,,,,,,,,
Jur,,,,,,,,,
Jurgar,,,,,,,,,
Jurt,,,,,,,,,
Kadord,,,,,,,,,
Kadstig,,,,,,,,,
Kaild,,,,,,,,,
Kailstig,,,,,,,,,
Kaleb,,,,,,,,,
Kalogar,,,,,,,,,
Kelbarn,,,,,,,,,
Keldnyr,,,,,,,,,
Kemirik,,,,,,,,,
Kerthor,,,,,,,,,
Khorb,,,,,,,,,
Khord,,,,,,,,,
Kjaggus,,,,,,,,,
Kjakur,,,,,,,,,
Kjal,,,,,,,,,
Kjalnar,,,,,,,,,
Kjaluld,,,,,,,,,
Kharc,,,,,,,,,
Kjeldrel,,,,,,,,,
Kjollynd,,,,,,,,,
Klaandi,,,,,,,,,
Klause,,,,,,,,,
Knarstygg,,,,,,,,,
Knudikur,,,,,,,,,
Kor,,,,,,,,,
Korsen,,,,,,,,,
Kothheid,,,,,,,,,
Kotholl,,,,,,,,,
Kothon,,,,,,,,,
Kott,,,,,,,,,
Kragar,,,,,,,,,
Kragfarr,,,,,,,,,
Kraglen,,,,,,,,,
Kralald,,,,,,,,,
Krath,,,,,,,,,
Krathon,,,,,,,,,
Kraval,,,,,,,,,
Kyrdegrel,,,,,,,,,
Lanobert,,,,,,,,,
Larthulf,,,,,,,,,
Larsstar,,,,,,,,,
Lathdar,,,,,,,,,
Leiborn,,,,,,,,,
Leifskjyr,,,,,,,,,
Lenkar,,,,,,,,,
Lennald,,,,,,,,,
Lennar,,,,,,,,,
Lennarth,,,,,,,,,
Lenning,,,,,,,,,
Littald,,,,,,,,,
Littid,,,,,,,,,
Littorn,,,,,,,,,
Littrek,,,,,,,,,
Littvolk,,,,,,,,,
Loddvaar,,,,,,,,,
Lodorr,,,,,,,,,
Lodunn,,,,,,,,,
Logod,,,,,,,,,
Logof,,,,,,,,,
Logorunn,,,,,,,,,
Logorvild,,,,,,,,,
Lokka,,,,,,,,,
Lond,,,,,,,,,
Longald,,,,,,,,,
Longstig,,,,,,,,,
Lothakar,,,,,,,,,
Lothgar,,,,,,,,,
Lothnarth,,,,,,,,,
Lothson,,,,,,,,,
Lughnahf,,,,,,,,,
Lund,,,,,,,,,
Lungird,,,,,,,,,
Lunk,,,,,,,,,
Luthin,,,,,,,,,
Lyfskar,,,,,,,,,
Maelmoth,,,,,,,,,
Maevolk,,,,,,,,,
Maginar,,,,,,,,,
Majoll,,,,,,,,,
Majolrun,,,,,,,,,
Majorn,,,,,,,,,
Makoll,,,,,,,,,
Malath,,,,,,,,,
Malofar,,,,,,,,,
Malsold,,,,,,,,,
Malsorr,,,,,,,,,
Maraamun,,,,,,,,,
Maraamur,,,,,,,,,
Marald,,,,,,,,,
Maralfar,,,,,,,,,
Maralthon,,,,,,,,,
Masord,,,,,,,,,
Mathmyar,,,,,,,,,
Mathon,,,,,,,,,
Mathondar,,,,,,,,,
Mathor,,,,,,,,,
Maulkyr,,,,,,,,,
Melril,,,,,,,,,
Meronil,,,,,,,,,
Mickal,,,,,,,,,
Mikfar,,,,,,,,,
Mjorn,,,,,,,,,
Mjornys,,,,,,,,,
Mordrold,,,,,,,,,
Murthin,,,,,,,,,
Narfar,,,,,,,,,
Narfild,,,,,,,,,
Narir,,,,,,,,,
Narirold,,,,,,,,,
Narrald,,,,,,,,,
Narrek,,,,,,,,,
Nathon,,,,,,,,,
Nedasilf,,,,,,,,,
Nedrek,,,,,,,,,
Nedrold,,,,,,,,,
Nelgyrr,,,,,,,,,
Nielik,,,,,,,,,
Nielsar,,,,,,,,,
Nielsold,,,,,,,,,
Nielstig,,,,,,,,,
Nikulund,,,,,,,,,
Nilfred,,,,,,,,,
Nils,,,,,,,,,
Njial,,,,,,,,,
Njordemar,,,,,,,,,
Njordunn,,,,,,,,,
Njorfar,,,,,,,,,
Njorlund,,,,,,,,,
Nordahl,,,,,,,,,
Norgred,,,,,,,,,
Nybder,,,,,,,,,
Oduvid,,,,,,,,,
Ogmann,,,,,,,,,
Ogmir,,,,,,,,,
Ogondar,,,,,,,,,
Ograh,,,,,,,,,
Ogvar,,,,,,,,,
Okulald,,,,,,,,,
Okurek,,,,,,,,,
Olffik,,,,,,,,,
Olgus,,,,,,,,,
Oljorn,,,,,,,,,
Ollfar,,,,,,,,,
Ollgord,,,,,,,,,
Ollslid,,,,,,,,,
Olmarinn,,,,,,,,,
Olred,,,,,,,,,
Olsi,,,,,,,,,
Ormheid,,,,,,,,,
Orryn,,,,,,,,,
Orstag,,,,,,,,,
Ort,,,,,,,,,
Ortvar,,,,,,,,,
Osming,,,,,,,,,
Otal,,,,,,,,,
Otalich,,,,,,,,,
Otalvor,,,,,,,,,
Othdimar,,,,,,,,,
Otroggar,,,,,,,,,
Otrovor,,,,,,,,,
Ottglund,,,,,,,,,
Ottolf,,,,,,,,,
Pactuld,,,,,,,,,
Podalgar,,,,,,,,,
Podunn,,,,,,,,,
Pogmaan,,,,,,,,,
Poguf,,,,,,,,,
Povaren,,,,,,,,,
Radwald,,,,,,,,,
Raedir,,,,,,,,,
Ragguss,,,,,,,,,
Ragjar,,,,,,,,,
Rakrek,,,,,,,,,
Rald,,,,,,,,,
Ralduf,,,,,,,,,
Ralgar,,,,,,,,,
Ramondir,,,,,,,,,
Rarlmir,,,,,,,,,
Rasir,,,,,,,,,
Reddharn,,,,,,,,,
Reggr,,,,,,,,,
Regold,,,,,,,,,
Reinud,,,,,,,,,
Rhorglund,,,,,,,,,
Rhorlak,,,,,,,,,
Rigurt,,,,,,,,,
Rigvar,,,,,,,,,
Rikke,,,,,,,,,
Risfid,,,,,,,,,
Risred,,,,,,,,,
Riurik,,,,,,,,,
Rofli,,,,,,,,,
Rogas,,,,,,,,,
Rogding,,,,,,,,,
Rogef,,,,,,,,,
Roggdvar,,,,,,,,,
Rogjar,,,,,,,,,
Rogjoll,,,,,,,,,
Roligmolf,,,,,,,,,
Roloda,,,,,,,,,
Rolstag,,,,,,,,,
Romord,,,,,,,,,
Rorfid,,,,,,,,,
Rorngrek,,,,,,,,,
Rorred,,,,,,,,,
Rorthor,,,,,,,,,
Roruld,,,,,,,,,
Rorygg,,,,,,,,,
Runthor,,,,,,,,,
Sabjur,,,,,,,,,
Sabonn,,,,,,,,,
Saborm,,,,,,,,,
Saerdor,,,,,,,,,
Saergar,,,,,,,,,
Saerhild,,,,,,,,,
Saervild,,,,,,,,,
Safrid,,,,,,,,,
Sahun,,,,,,,,,
Sarjoll,,,,,,,,,
Selgaard,,,,,,,,,
Serrin,,,,,,,,,
Shalidor,,,,,,,,,
Sifmir,,,,,,,,,
Sifvid,,,,,,,,,
Sig,,,,,,,,,
Signgul,,,,,,,,,
Sigunn,,,,,,,,,
Sigyrr,,,,,,,,,
Sinos,,,,,,,,,
Sirk,,,,,,,,,
Sirkralf,,,,,,,,,
Skadmek,,,,,,,,,
Skaghidil,,,,,,,,,
Skalar,,,,,,,,,
Skaldir,,,,,,,,,
Skalf,,,,,,,,,
Skalferth,,,,,,,,,
Skavwulf,,,,,,,,,
Skeg,,,,,,,,,
Skjorlak,,,,,,,,,
Skoref,,,,,,,,,
Skorjan,,,,,,,,,
Skormgondar,,,,,,,,,
Skormknir,,,,,,,,,
Skorvild,,,,,,,,,
Skulreid,,,,,,,,,
Slodrig,,,,,,,,,
Slonn,,,,,,,,,
Snaehild,,,,,,,,,
Snarjolf,,,,,,,,,
Snorfin,,,,,,,,,
Snorrvild,,,,,,,,,
Sober,,,,,,,,,
Sobgruff,,,,,,,,,
Soin,,,,,,,,,
Sojak,,,,,,,,,
Sondgruul,,,,,,,,,
Songamdir,,,,,,,,,
Sorben,,,,,,,,,
Sormund,,,,,,,,,
Sormuth,,,,,,,,,
Sorr,,,,,,,,,
Stalfgrif,,,,,,,,,
Stalkun,,,,,,,,,
Stedvar,,,,,,,,,
Steidor,,,,,,,,,
Steir,,,,,,,,,
Steirvald,,,,,,,,,
Stenvadr,,,,,,,,,
Storm,,,,,,,,,
Stromgruf,,,,,,,,,
Sulrengar,,,,,,,,,
Svakdrid,,,,,,,,,
Svalkmar,,,,,,,,,
Svargrim,,,,,,,,,
Svarkjar,,,,,,,,,
Svart,,,,,,,,,
Svein,,,,,,,,,
Sven,,,,,,,,,
Svenjar,,,,,,,,,
Svenk,,,,,,,,,
Svenvar,,,,,,,,,
Svergor,,,,,,,,,
Svyne,,,,,,,,,
Talfyg,,,,,,,,,
Talsgryr,,,,,,,,,
Talsold,,,,,,,,,
Talsrel,,,,,,,,,
Talsvar,,,,,,,,,
Talthor,,,,,,,,,
Thadgen,,,,,,,,,
Thadrig,,,,,,,,,
Thal,,,,,,,,,
Thaljorn,,,,,,,,,
Thallik,,,,,,,,,
Thalm,,,,,,,,,
Thalrig,,,,,,,,,
Thanethen,,,,,,,,,
Tharsh,,,,,,,,,
Thelm,,,,,,,,,
Thelman,,,,,,,,,
Thevin,,,,,,,,,
Thinfrid,,,,,,,,,
Thjol,,,,,,,,,
Thjordic,,,,,,,,,
Thjorlak,,,,,,,,,
Thod,,,,,,,,,
Thonarcal,,,,,,,,,
Thonengar,,,,,,,,,
Thongar,,,,,,,,,
Thorald,,,,,,,,,
Thoran,,,,,,,,,
Thorjolf,,,,,,,,,
Thorkell,,,,,,,,,
Thorolf,,,,,,,,,
Thorvar,,,,,,,,,
Thorulf,,,,,,,,,
Thragnar,,,,,,,,,
Thragof,,,,,,,,,
Thralof,,,,,,,,,
Threfr,,,,,,,,,
Thrihild,,,,,,,,,
Thromkjar,,,,,,,,,
Thulvald,,,,,,,,,
Thunsel,,,,,,,,,
Tobjarn,,,,,,,,,
Tof,,,,,,,,,
Tolfwulf,,,,,,,,,
Tolvor,,,,,,,,,
Tordrir,,,,,,,,,
Torik,,,,,,,,,
Tork,,,,,,,,,
Torkalgar,,,,,,,,,
Torkming,,,,,,,,,
Torrold,,,,,,,,,
Tovjor,,,,,,,,,
Treva,,,,,,,,,
Tulgruff,,,,,,,,,
Tun,,,,,,,,,
Tysvald,,,,,,,,,
Uggald,,,,,,,,,
Uggissar,,,,,,,,,
Uggonn,,,,,,,,,
Uggurek,,,,,,,,,
Ulfnor,,,,,,,,,
Ulligor,,,,,,,,,
Ulov,,,,,,,,,
Uls,,,,,,,,,
Undbjolf,,,,,,,,,
Unmidunn,,,,,,,,,
Unmidvild,,,,,,,,,
UnnvaldIronhand,,,,,,,,,
Urf,,,,,,,,,
Urgjal,,,,,,,,,
Urlvar,,,,,,,,,
Urnar,,,,,,,,,
Uthlet,,,,,,,,,
Vagakar,,,,,,,,,
Vagar,,,,,,,,,
Vaglof,,,,,,,,,
Vagloson,,,,,,,,,
Valbern,,,,,,,,,
Valbet,,,,,,,,,
Valding,,,,,,,,,
Valdur,,,,,,,,,
Valeric,,,,,,,,,
Vallkir,,,,,,,,,
Vallric,,,,,,,,,
Vanskyr,,,,,,,,,
Vanthongar,,,,,,,,,
Vastaag,,,,,,,,,
Venki,,,,,,,,,
Vestalsgar,,,,,,,,,
Vestord,,,,,,,,,
Vestrek,,,,,,,,,
Viddek,,,,,,,,,
Viddgjaldir,,,,,,,,,
Vidstig,,,,,,,,,
Vidusil,,,,,,,,,
Vigard,,,,,,,,,
Viggol,,,,,,,,,
Vigrod,,,,,,,,,
Vigstrom,,,,,,,,,
Vikgrek,,,,,,,,,
Vikord,,,,,,,,,
Vilbjorn,,,,,,,,,
Vilgis,,,,,,,,,
Virk,,,,,,,,,
Virkvild,,,,,,,,,
Vkor,,,,,,,,,
Vladolfr,,,,,,,,,
Vofalgar,,,,,,,,,
Vofing,,,,,,,,,
Vofknir,,,,,,,,,
Vol,,,,,,,,,
Volharth,,,,,,,,,
Volkbjolf,,,,,,,,,
Volmann,,,,,,,,,
Volknar,,,,,,,,,
Von,,,,,,,,,
Vonlef,,,,,,,,,
Vorenor,,,,,,,,,
Vormeskr,,,,,,,,,
Votar,,,,,,,,,
Vuldurs,,,,,,,,,
Vund,,,,,,,,,
Vundling,,,,,,,,,
Vurlop,,,,,,,,,
Waren,,,,,,,,,
Wickam,,,,,,,,,
Widulf,,,,,,,,,
Wilbern,,,,,,,,,
Wilhem,,,,,,,,,
Wiljar,,,,,,,,,
Wilminn,,,,,,,,,
Wilrek,,,,,,,,,
Wilvor,,,,,,,,,
Wisten,,,,,,,,,
Woan,,,,,,,,,
Woster,,,,,,,,,
Wulfdis,,,,,,,,,
Yavni,,,,,,,,,
Yjarnn,,,,,,,,,
Ygbal,,,,,,,,,
Ylgar,,,,,,,,,
Yll,,,,,,,,,
Yllondar,,,,,,,,,
Yllstaag,,,,,,,,,
Yngol,,,,,,,,,
Yngold,,,,,,,,,
Yngrel,,,,,,,,,
Yngvar,,,,,,,,,
Yngvid,,,,,,,,,
Yolstagg,,,,,,,,,
Yraldar,,,,,,,,,
Yringor,,,,,,,,,
Ysavild,,,,,,,,,
Ysgramor,,,,,,,,,
Ysgravald,,,,,,,,,
Ysmal,,,,,,,,,
Tyr,,,,,,,,,
Fenrig,,,,,,,,,
Fruth,,,,,,,,,
Garthar,,,,,,,,,
Grundvik,,,,,,,,,
Guthrum,,,,,,,,,
Holgunn,,,,,,,,,
Isilr,,,,,,,,,
Jorunn,,,,,,,,,
Roggvir,,,,,,,,,
Skegglund,,,,,,,,,
Thorbjolf,,,,,,,,,
Torygg,,,,,,,,,
Vigrod,,,,,,,,,
Adrimk,,,,,,,,,
Aevar,,,,,,,,,
Anders,,,,,,,,,
Asgeir,,,,,,,,,
Balmir,,,,,,,,,
Bathorgh,,,,,,,,,
Birkir,,,,,,,,,
Bjord,,,,,,,,,
Borgas,,,,,,,,,
Breff,,,,,,,,,
Brunl,,,,,,,,,
Deroct,,,,,,,,,
Derek,,,,,,,,,
Drengr,,,,,,,,,
Eldrid,,,,,,,,,
Elgryr,,,,,,,,,
Erling,,,,,,,,,
Galthor,,,,,,,,,
Gauldur,,,,,,,,,
Geirmund,,,,,,,,,
Gellir,,,,,,,,,
Girgun,,,,,,,,,
Gjalund,,,,,,,,,
Griss,,,,,,,,,
Grjotgaror,,,,,,,,,
Gromm,,,,,,,,,
Guri,,,,,,,,,
Hadrik,,,,,,,,,
Halnir,,,,,,,,,
Halund,,,,,,,,,
Hanse,,,,,,,,,
Harald,,,,,,,,,
Heidmir,,,,,,,,,
Heifnir,,,,,,,,,
Heimdall,,,,,,,,,
Heinlen,,,,,,,,,
Hermeskr,,,,,,,,,
Hildir,,,,,,,,,
Hjalmer,,,,,,,,,
Hjalti,,,,,,,,,
Hjarknir,,,,,,,,,
Hoag,,,,,,,,,
Hosgunn,,,,,,,,,
Hrodmir,,,,,,,,,
Hroi,,,,,,,,,
Hrolfdir,,,,,,,,,
Hrorgar,,,,,,,,,
Hrormir,,,,,,,,,
Ingjaldr,,,,,,,,,
Istlod,,,,,,,,,
Jalmar,,,,,,,,,
Jeek,,,,,,,,,
Jorg,,,,,,,,,
Jonder,,,,,,,,,
Jyrik,,,,,,,,,
Karsten,,,,,,,,,
Kjoric,,,,,,,,,
Kluwe,,,,,,,,,
Koli,,,,,,,,,
Kyrnil,,,,,,,,,
Lenne,,,,,,,,,
Loate,,,,,,,,,
Lokheim,,,,,,,,,
Lygrleid,,,,,,,,,
Malte,,,,,,,,,
Mantiarco,,,,,,,,,
Manwe,,,,,,,,,
Meksim,,,,,,,,,
Menro,,,,,,,,,
Merkyllian,,,,,,,,,
Mikrul,,,,,,,,,
Mryfwiil,,,,,,,,,
Neddrir,,,,,,,,,
Nodur,,,,,,,,,
Nystrom,,,,,,,,,
Olmgerd,,,,,,,,,
Ragnor,,,,,,,,,
Ramth,,,,,,,,,
Rhorlak,,,,,,,,,
Roeth,,,,,,,,,
Rolf,,,,,,,,,
Sigdis,,,,,,,,,
Skalf,,,,,,,,,
Skardan,,,,,,,,,
Skorm,,,,,,,,,
Slafknir,,,,,,,,,
Sorri,,,,,,,,,
Strom,,,,,,,,,
Sven,,,,,,,,,
Swyk,,,,,,,,,
Talsgar,,,,,,,,,
Terr,,,,,,,,,
Terrfyg,,,,,,,,,
Thian,,,,,,,,,
Thjold,,,,,,,,,
Thorallod,,,,,,,,,
Thorbald,,,,,,,,,
Thromgar,,,,,,,,,
Tulvar,,,,,,,,,
Tysnal,,,,,,,,,
Uche,,,,,,,,,
Ulfarr,,,,,,,,,
Ulfgi,,,,,,,,,
Undveld,,,,,,,,,
Urlach,,,,,,,,,
Valbjorn,,,,,,,,,
Valdimar,,,,,,,,,
Vrage,,,,,,,,,
Vundheim,,,,,,,,,
Wulfharth,,,,,,,,,
Wulfmare,,,,,,,,,
Ylgar,,,,,,,,,
Yngol,,,,,,,,,
Yngnavar,,,,,,,,,
Ysgramor,,,,,,,,,
Ysmir,,,,,,,,,
Yust,,,,,,,,,